#
# There is insufficient memory for the Java Runtime Environment to continue.
# Native memory allocation (mmap) failed to map 65536 bytes. Error detail: Failed to commit metaspace.
# Possible reasons:
#   The system is out of physical RAM or swap space
#   This process is running with CompressedOops enabled, and the Java Heap may be blocking the growth of the native heap
# Possible solutions:
#   Reduce memory load on the system
#   Increase physical memory or swap space
#   Check if swap backing store is full
#   Decrease Java heap size (-Xmx/-Xms)
#   Decrease number of Java threads
#   Decrease Java thread stack sizes (-Xss)
#   Set larger code cache with -XX:ReservedCodeCacheSize=
#   JVM is running with Unscaled Compressed Oops mode in which the Java heap is
#     placed in the first 4GB address space. The Java Heap base address is the
#     maximum limit for the native heap growth. Please use -XX:HeapBaseMinAddress
#     to set the Java Heap base and to place the Java Heap above 4GB virtual address.
# This output file may be truncated or incomplete.
#
#  Out of Memory Error (virtualSpaceNode.cpp:113), pid=2680, tid=14172
#
# JRE version: OpenJDK Runtime Environment Temurin-21.0.9+10 (21.0.9+10) (build 21.0.9+10-LTS)
# Java VM: OpenJDK 64-Bit Server VM Temurin-21.0.9+10 (21.0.9+10-LTS, mixed mode, emulated-client, sharing, tiered, compressed oops, compressed class ptrs, g1 gc, windows-amd64)
# No core dump will be written. Minidumps are not enabled by default on client versions of Windows
#

---------------  S U M M A R Y ------------

Command Line: -Dcom.sun.management.jmxremote -Dcom.sun.management.jmxremote.port=62921 -Dcom.sun.management.jmxremote.authenticate=false -Dcom.sun.management.jmxremote.ssl=false -Djava.rmi.server.hostname=localhost -Dspring.jmx.enabled=true -Dmanagement.endpoints.jmx.exposure.include=* -Dspring.application.admin.enabled=true -Dspring.output.ansi.enabled=always -XX:TieredStopAtLevel=1 -Dspring.boot.project.name=user-service -Dfile.encoding=UTF-8 -Dstdout.encoding=UTF-8 -Dstderr.encoding=UTF-8 -XX:+ShowCodeDetailsInExceptionMessages com.founderlink.userservice.UserserviceApplication

Host: 11th Gen Intel(R) Core(TM) i5-1135G7 @ 2.40GHz, 8 cores, 7G,  Windows 11 , 64 bit Build 26100 (10.0.26100.7920)
Time: Mon Mar 23 14:18:52 2026 India Standard Time elapsed time: 11.235684 seconds (0d 0h 0m 11s)

---------------  T H R E A D  ---------------

Current thread (0x000002b5df710440):  JavaThread "HikariPool-1:connection-adder" daemon [_thread_in_vm, id=14172, stack(0x000000b833000000,0x000000b833100000) (1024K)]

Stack: [0x000000b833000000,0x000000b833100000]
Native frames: (J=compiled Java code, j=interpreted, Vv=VM code, C=native code)
V  [jvm.dll+0x6d6e29]
V  [jvm.dll+0x8b4b76]
V  [jvm.dll+0x8b712e]
V  [jvm.dll+0x8b7813]
V  [jvm.dll+0x283d86]
V  [jvm.dll+0x8b08be]
V  [jvm.dll+0x678824]
V  [jvm.dll+0x1e80ab]
V  [jvm.dll+0x1e7e6e]
V  [jvm.dll+0x67b122]
V  [jvm.dll+0x67af52]
V  [jvm.dll+0x6791fe]
V  [jvm.dll+0x310d51]
V  [jvm.dll+0x21a999]
V  [jvm.dll+0x20f467]
V  [jvm.dll+0x5b5a0f]
V  [jvm.dll+0x82dee6]
V  [jvm.dll+0x478438]
V  [jvm.dll+0x47e268]
C  [java.dll+0x17ec]

Java frames: (J=compiled Java code, j=interpreted, Vv=VM code)
J 1433  java.lang.ClassLoader.defineClass1(Ljava/lang/ClassLoader;Ljava/lang/String;[BIILjava/security/ProtectionDomain;Ljava/lang/String;)Ljava/lang/Class; java.base@21.0.9 (0 bytes) @ 0x000002b59013ea11 [0x000002b59013e940+0x00000000000000d1]
J 1706 c1 java.lang.ClassLoader.defineClass(Ljava/lang/String;[BIILjava/security/ProtectionDomain;)Ljava/lang/Class; java.base@21.0.9 (43 bytes) @ 0x000002b5901c23fc [0x000002b5901c22e0+0x000000000000011c]
J 1712 c1 jdk.internal.loader.BuiltinClassLoader.defineClass(Ljava/lang/String;Ljdk/internal/loader/Resource;)Ljava/lang/Class; java.base@21.0.9 (121 bytes) @ 0x000002b5901c8414 [0x000002b5901c7ec0+0x0000000000000554]
J 1711 c1 jdk.internal.loader.BuiltinClassLoader.findClassOnClassPathOrNull(Ljava/lang/String;)Ljava/lang/Class; java.base@21.0.9 (64 bytes) @ 0x000002b5901c4eac [0x000002b5901c4be0+0x00000000000002cc]
J 1408 c1 jdk.internal.loader.BuiltinClassLoader.loadClassOrNull(Ljava/lang/String;Z)Ljava/lang/Class; java.base@21.0.9 (143 bytes) @ 0x000002b5901348fc [0x000002b590134500+0x00000000000003fc]
J 1510 c1 jdk.internal.loader.ClassLoaders$AppClassLoader.loadClass(Ljava/lang/String;Z)Ljava/lang/Class; java.base@21.0.9 (40 bytes) @ 0x000002b59016558c [0x000002b590165540+0x000000000000004c]
J 1507 c1 java.lang.ClassLoader.loadClass(Ljava/lang/String;)Ljava/lang/Class; java.base@21.0.9 (7 bytes) @ 0x000002b590164a94 [0x000002b590164a40+0x0000000000000054]
v  ~StubRoutines::call_stub 0x000002b58fc610e7
j  com.mysql.cj.protocol.a.NativeProtocol.rejectProtocol(Lcom/mysql/cj/protocol/a/NativePacketPayload;)V+87
j  com.mysql.cj.protocol.a.NativeProtocol.readServerCapabilities()Lcom/mysql/cj/protocol/a/NativeCapabilities;+15
j  com.mysql.cj.protocol.a.NativeProtocol.beforeHandshake()V+50
j  com.mysql.cj.protocol.a.NativeProtocol.connect(Ljava/lang/String;Ljava/lang/String;Ljava/lang/String;)V+1
j  com.mysql.cj.NativeSession.connect(Lcom/mysql/cj/conf/HostInfo;Ljava/lang/String;Ljava/lang/String;Ljava/lang/String;ILcom/mysql/cj/TransactionEventHandler;)V+110
j  com.mysql.cj.jdbc.ConnectionImpl.connectOneTryOnly(Z)V+32
j  com.mysql.cj.jdbc.ConnectionImpl.createNewIO(Z)V+31
j  com.mysql.cj.jdbc.ConnectionImpl.<init>(Lcom/mysql/cj/conf/HostInfo;)V+989
j  com.mysql.cj.jdbc.ConnectionImpl.getInstance(Lcom/mysql/cj/conf/HostInfo;)Lcom/mysql/cj/jdbc/JdbcConnection;+5
j  com.mysql.cj.jdbc.NonRegisteringDriver.connect(Ljava/lang/String;Ljava/util/Properties;)Ljava/sql/Connection;+72
j  com.zaxxer.hikari.util.DriverDataSource.getConnection(Ljava/lang/String;Ljava/lang/String;)Ljava/sql/Connection;+61
j  com.zaxxer.hikari.pool.PoolBase.newConnection(Z)Ljava/sql/Connection;+74
j  com.zaxxer.hikari.pool.PoolBase.newPoolEntry(Z)Lcom/zaxxer/hikari/pool/PoolEntry;+6
j  com.zaxxer.hikari.pool.HikariPool.createPoolEntry()Lcom/zaxxer/hikari/pool/PoolEntry;+13
j  com.zaxxer.hikari.pool.HikariPool$PoolEntryCreator.call()Ljava/lang/Boolean;+17
j  com.zaxxer.hikari.pool.HikariPool$PoolEntryCreator.call()Ljava/lang/Object;+1
j  java.util.concurrent.FutureTask.run()V+39 java.base@21.0.9
j  java.util.concurrent.ThreadPoolExecutor.runWorker(Ljava/util/concurrent/ThreadPoolExecutor$Worker;)V+92 java.base@21.0.9
j  java.util.concurrent.ThreadPoolExecutor$Worker.run()V+5 java.base@21.0.9
j  java.lang.Thread.runWith(Ljava/lang/Object;Ljava/lang/Runnable;)V+5 java.base@21.0.9
j  java.lang.Thread.run()V+19 java.base@21.0.9
v  ~StubRoutines::call_stub 0x000002b58fc610e7

Compiled method (n/a) 11269 1433     n 0       java.lang.ClassLoader::defineClass1 (native)
 total in heap  [0x000002b59013e790,0x000002b59013ee28] = 1688
 relocation     [0x000002b59013e8f0,0x000002b59013e928] = 56
 main code      [0x000002b59013e940,0x000002b59013ee27] = 1255
 stub code      [0x000002b59013ee27,0x000002b59013ee28] = 1

[Constant Pool (empty)]

[MachCode]
[Entry Point]
  # {method} {0x000002b598436820} 'defineClass1' '(Ljava/lang/ClassLoader;Ljava/lang/String;[BIILjava/security/ProtectionDomain;Ljava/lang/String;)Ljava/lang/Class;' in 'java/lang/ClassLoader'
  # parm0:    rdx:rdx   = 'java/lang/ClassLoader'
  # parm1:    r8:r8     = 'java/lang/String'
  # parm2:    r9:r9     = '[B'
  # parm3:    rdi       = int
  # parm4:    rsi       = int
  # parm5:    rcx:rcx   = 'java/security/ProtectionDomain'
  # parm6:    [sp+0xa0]   = 'java/lang/String'  (sp of caller)
  0x000002b59013e940: 448b 5208 | 49bb 0000 | 0098 b502 | 0000 4d03 | d349 3bc2 | 0f84 0600 

  0x000002b59013e958: ;   {runtime_call ic_miss_stub}
  0x000002b59013e958: 0000 e921 | 00b7 ff90 
[Verified Entry Point]
  0x000002b59013e960: 8984 2400 | 80ff ff55 | 488b ec48 | 81ec 9000 | 0000 6690 | 4181 7f20 | 0700 0000 

  0x000002b59013e97c: ;   {runtime_call StubRoutines (final stubs)}
  0x000002b59013e97c: 7405 e81d | 99b5 ff48 | 837d 1000 | 488d 4510 | 480f 4445 | 1048 8944 | 2440 4889 | 4c24 7048 
  0x000002b59013e99c: 83f9 0048 | 8d44 2470 | 480f 4444 | 2470 4889 | 4424 3848 | 8974 2430 | 4889 7c24 | 284c 894c 
  0x000002b59013e9bc: 2458 4983 | f900 488d | 4424 5848 | 0f44 4424 | 5848 8944 | 2420 4c89 | 4424 5049 | 83f8 004c 
  0x000002b59013e9dc: 8d4c 2450 | 4c0f 444c | 2450 4889 | 5424 4848 | 83fa 004c | 8d44 2448 | 4c0f 4444 

  0x000002b59013e9f8: ;   {oop(a 'java/lang/Class'{0x0000000084f60290} = 'java/lang/ClassLoader')}
  0x000002b59013e9f8: 2448 49be | 9002 f684 | 0000 0000 | 4c89 7424 | 784c 8d74 | 2478 498b | d6c5 f877 

  0x000002b59013ea14: ;   {internal_word}
  0x000002b59013ea14: 49ba 11ea | 1390 b502 | 0000 4d89 | 97a0 0300 | 0049 89a7 | 9803 0000 

  0x000002b59013ea2c: ;   {external_word}
  0x000002b59013ea2c: 49ba cf4d | 1408 f97f | 0000 4180 | 3a00 0f84 | 4e00 0000 | 5241 5041 

  0x000002b59013ea44: ;   {metadata({method} {0x000002b598436820} 'defineClass1' '(Ljava/lang/ClassLoader;Ljava/lang/String;[BIILjava/security/ProtectionDomain;Ljava/lang/String;)Ljava/lang/Class;' in 'java/lang/ClassLoader')}
  0x000002b59013ea44: 5148 ba18 | 6843 98b5 | 0200 0049 | 8bcf 4883 | ec20 40f6 | c40f 0f84 | 1900 0000 | 4883 ec08 
  0x000002b59013ea64: ;   {runtime_call}
  0x000002b59013ea64: 48b8 40d5 | bd07 f97f | 0000 ffd0 | 4883 c408 | e90c 0000 

  0x000002b59013ea78: ;   {runtime_call}
  0x000002b59013ea78: 0048 b840 | d5bd 07f9 | 7f00 00ff | d048 83c4 | 2041 5941 | 585a 498d | 8fb8 0300 | 0041 c787 
  0x000002b59013ea98: 4404 0000 | 0400 0000 

  0x000002b59013eaa0: ;   {runtime_call}
  0x000002b59013eaa0: 48b8 ac16 | 3b81 f97f | 0000 ffd0 | c5f8 7741 | c787 4404 | 0000 0500 | 0000 f083 | 4424 c000 
  0x000002b59013eac0: 493b af48 | 0400 000f | 870e 0000 | 0041 83bf | 4004 0000 | 000f 842b | 0000 00c5 | f877 4889 
  0x000002b59013eae0: 45f8 498b | cf4c 8be4 | 4883 ec20 | 4883 e4f0 

  0x000002b59013eaf0: ;   {runtime_call}
  0x000002b59013eaf0: 48b8 e04b | 8907 f97f | 0000 ffd0 | 498b e44d | 33e4 488b | 45f8 41c7 | 8744 0400 | 0008 0000 
  0x000002b59013eb10: 0041 83bf | c004 0000 | 020f 84db 

  0x000002b59013eb1c: ;   {external_word}
  0x000002b59013eb1c: 0200 0049 | bacf 4d14 | 08f9 7f00 | 0041 803a | 000f 844c | 0000 0048 

  0x000002b59013eb34: ;   {metadata({method} {0x000002b598436820} 'defineClass1' '(Ljava/lang/ClassLoader;Ljava/lang/String;[BIILjava/security/ProtectionDomain;Ljava/lang/String;)Ljava/lang/Class;' in 'java/lang/ClassLoader')}
  0x000002b59013eb34: 8945 f848 | ba18 6843 | 98b5 0200 | 0049 8bcf | 4883 ec20 | 40f6 c40f | 0f84 1900 | 0000 4883 
  0x000002b59013eb54: ;   {runtime_call}
  0x000002b59013eb54: ec08 48b8 | 40d5 bd07 | f97f 0000 | ffd0 4883 | c408 e90c 

  0x000002b59013eb68: ;   {runtime_call}
  0x000002b59013eb68: 0000 0048 | b840 d5bd | 07f9 7f00 | 00ff d048 | 83c4 2048 | 8b45 f849 | c787 9803 | 0000 0000 
  0x000002b59013eb88: 0000 49c7 | 87a0 0300 | 0000 0000 | 00c5 f877 | 4885 c00f | 8436 0200 | 00a8 030f | 8508 0000 
  0x000002b59013eba8: 0048 8b00 | e926 0200 | 00a8 010f | 8509 0000 | 0048 8b40 | fee9 1502 | 0000 488b | 40ff 4180 
  0x000002b59013ebc8: 7f40 000f | 8406 0200 | 0048 83f8 | 000f 84fc | 0100 0049 | 8b4f 2848 | 83f9 000f | 8414 0000 
  0x000002b59013ebe8: 0048 83e9 | 0849 894f | 2849 034f | 3848 8901 | e9da 0100 | 0048 81ec | f000 0000 | 4889 0424 
  0x000002b59013ec08: 4889 4c24 | 0848 8954 | 2410 4c89 | 4424 184c | 894c 2420 | 4c89 5424 | 284c 895c | 2430 c5fb 
  0x000002b59013ec28: 1144 2440 | c5fb 114c | 2448 c5fb | 1154 2450 | c5fb 115c | 2458 c5fb | 1164 2460 | c5fb 116c 
  0x000002b59013ec48: 2468 62e1 | ff08 1144 | 240e 62e1 | ff08 114c | 240f 62e1 | ff08 1154 | 2410 62e1 | ff08 115c 
  0x000002b59013ec68: ;   {no_reloc}
  0x000002b59013ec68: 2411 62e1 | ff08 1164 | 2412 62e1 | ff08 116c | 2413 62e1 | ff08 1174 | 2414 62e1 | ff08 117c 
  0x000002b59013ec88: 2415 6261 | ff08 1144 | 2416 6261 | ff08 114c | 2417 6261 | ff08 1154 | 2418 6261 | ff08 115c 
  0x000002b59013eca8: 2419 6261 | ff08 1164 | 241a 6261 | ff08 116c | 241b 6261 | ff08 1174 | 241c 6261 | ff08 117c 
  0x000002b59013ecc8: 241d 498b | d748 8bc8 | 4883 ec20 | 40f6 c40f | 0f84 1900 | 0000 4883 

  0x000002b59013ece0: ;   {runtime_call}
  0x000002b59013ece0: ec08 48b8 | 209b 7c07 | f97f 0000 | ffd0 4883 | c408 e90c 

  0x000002b59013ecf4: ;   {runtime_call}
  0x000002b59013ecf4: 0000 0048 | b820 9b7c | 07f9 7f00 | 00ff d048 | 83c4 2062 | 61ff 0810 | 7c24 1d62 | 61ff 0810 
  0x000002b59013ed14: 7424 1c62 | 61ff 0810 | 6c24 1b62 | 61ff 0810 | 6424 1a62 | 61ff 0810 | 5c24 1962 | 61ff 0810 
  0x000002b59013ed34: 5424 1862 | 61ff 0810 | 4c24 1762 | 61ff 0810 | 4424 1662 | e1ff 0810 | 7c24 1562 | e1ff 0810 
  0x000002b59013ed54: 7424 1462 | e1ff 0810 | 6c24 1362 | e1ff 0810 | 6424 1262 | e1ff 0810 | 5c24 1162 | e1ff 0810 
  0x000002b59013ed74: 5424 1062 | e1ff 0810 | 4c24 0f62 | e1ff 0810 | 4424 0ec5 | fb10 6c24 | 68c5 fb10 | 6424 60c5 
  0x000002b59013ed94: fb10 5c24 | 58c5 fb10 | 5424 50c5 | fb10 4c24 | 48c5 fb10 | 4424 404c | 8b5c 2430 | 4c8b 5424 
  0x000002b59013edb4: 284c 8b4c | 2420 4c8b | 4424 1848 | 8b54 2410 | 488b 4c24 | 0848 8b04 | 2448 81c4 | f000 0000 
  0x000002b59013edd4: c5f8 7749 | 8b8f 2804 | 0000 c781 | 0001 0000 | 0000 0000 | c949 837f | 0800 0f85 | 0100 0000 
  0x000002b59013edf4: ;   {runtime_call StubRoutines (initial stubs)}
  0x000002b59013edf4: c3e9 0621 | b2ff c5f8 | 7748 8945 | f84c 8be4 | 4883 ec20 | 4883 e4f0 

  0x000002b59013ee0c: ;   {runtime_call}
  0x000002b59013ee0c: 48b8 900c | be07 f97f | 0000 ffd0 | 498b e44d | 33e4 488b | 45f8 e9f8 | fcff fff4 
[/MachCode]


Compiled method (c1) 11275 1706       1       java.lang.ClassLoader::defineClass (43 bytes)
 total in heap  [0x000002b5901c2110,0x000002b5901c26d0] = 1472
 relocation     [0x000002b5901c2270,0x000002b5901c22e0] = 112
 main code      [0x000002b5901c22e0,0x000002b5901c24a0] = 448
 stub code      [0x000002b5901c24a0,0x000002b5901c2518] = 120
 metadata       [0x000002b5901c2518,0x000002b5901c2548] = 48
 scopes data    [0x000002b5901c2548,0x000002b5901c2600] = 184
 scopes pcs     [0x000002b5901c2600,0x000002b5901c26a0] = 160
 dependencies   [0x000002b5901c26a0,0x000002b5901c26a8] = 8
 nul chk table  [0x000002b5901c26a8,0x000002b5901c26d0] = 40

[Constant Pool (empty)]

[MachCode]
[Entry Point]
  # {method} {0x000002b598436ba0} 'defineClass' '(Ljava/lang/String;[BIILjava/security/ProtectionDomain;)Ljava/lang/Class;' in 'java/lang/ClassLoader'
  # this:     rdx:rdx   = 'java/lang/ClassLoader'
  # parm0:    r8:r8     = 'java/lang/String'
  # parm1:    r9:r9     = '[B'
  # parm2:    rdi       = int
  # parm3:    rsi       = int
  # parm4:    rcx:rcx   = 'java/security/ProtectionDomain'
  #           [sp+0xc0]  (sp of caller)
  0x000002b5901c22e0: 448b 5208 | 49bb 0000 | 0098 b502 | 0000 4d03 | d34c 3bd0 

  0x000002b5901c22f4: ;   {runtime_call ic_miss_stub}
  0x000002b5901c22f4: 0f85 86c6 | aeff 660f | 1f44 0000 
[Verified Entry Point]
  0x000002b5901c2300: 8984 2400 | 80ff ff55 | 4881 ecb0 | 0000 0090 | 4181 7f20 | 0700 0000 

  0x000002b5901c2318: ;   {runtime_call StubRoutines (final stubs)}
  0x000002b5901c2318: 7405 e881 | 5fad ff48 | 8954 2478 | 89b4 2494 | 0000 0089 | bc24 9000 | 0000 4c89 | 8c24 8800 
  0x000002b5901c2338: 0000 498b | d84c 8bc3 | 4c8b c948 | 8bca 488b | d148 899c | 2480 0000 | 0066 0f1f 

  0x000002b5901c2354: ;   {optimized virtual_call}
  0x000002b5901c2354: 4400 00e8 

  0x000002b5901c2358: ; ImmutableOopMap {[120]=Oop [128]=Oop [136]=Oop }
                      ;*invokevirtual preDefineClass {reexecute=0 rethrow=0 return_oop=0}
                      ; - java.lang.ClassLoader::defineClass@4 (line 1025)
  0x000002b5901c2358: 640f 0000 

  0x000002b5901c235c: ;   {other}
  0x000002b5901c235c: 0f1f 8400 | 4c02 0000 | 4889 8424 | 9800 0000 

  0x000002b5901c236c: ; implicit exception: dispatches to 0x000002b5901c244a
  0x000002b5901c236c: 448b 4010 | 4d85 c00f | 850f 0000 

  0x000002b5901c2378: ;   {oop(nullptr)}
  0x000002b5901c2378: 0048 bb00 | 0000 0000 | 0000 00e9 | 3f00 0000 

  0x000002b5901c2388: ; implicit exception: dispatches to 0x000002b5901c244f
  0x000002b5901c2388: 458b 400c | 4d85 c00f | 850f 0000 

  0x000002b5901c2394: ;   {oop(nullptr)}
  0x000002b5901c2394: 0048 bb00 | 0000 0000 | 0000 00e9 | 2300 0000 

  0x000002b5901c23a4: ; implicit exception: dispatches to 0x000002b5901c2454
  0x000002b5901c23a4: 418b 5038 

  0x000002b5901c23a8: ; implicit exception: dispatches to 0x000002b5901c2459
  0x000002b5901c23a8: 483b 020f 

  0x000002b5901c23ac: ;   {optimized virtual_call}
  0x000002b5901c23ac: 1f40 00e8 

  0x000002b5901c23b0: ; ImmutableOopMap {[120]=Oop [128]=Oop [136]=Oop [152]=Oop }
                      ;*invokevirtual toExternalForm {reexecute=0 rethrow=0 return_oop=0}
                      ; - java.net.URL::toExternalForm@5 (line 1203)
                      ; - java.net.URL::toString@1 (line 1189)
                      ; - java.lang.ClassLoader::defineClassSourceLocation@22 (line 927)
                      ; - java.lang.ClassLoader::defineClass@12 (line 1026)
  0x000002b5901c23b0: 4c76 f8ff 

  0x000002b5901c23b4: ;   {other}
  0x000002b5901c23b4: 0f1f 8400 | a402 0001 | 488b d848 | 8b84 2498 | 0000 008b | b424 9400 | 0000 8bbc | 2490 0000 
  0x000002b5901c23d4: 004c 8b8c | 2488 0000 | 004c 8b84 | 2480 0000 | 0048 8b54 | 2478 4c8b | da49 8bd3 | 488b c848 
  0x000002b5901c23f4: ;   {static_call}
  0x000002b5901c23f4: 891c 24e8 

  0x000002b5901c23f8: ; ImmutableOopMap {[120]=Oop [152]=Oop }
                      ;*invokestatic defineClass1 {reexecute=0 rethrow=0 return_oop=0}
                      ; - java.lang.ClassLoader::defineClass@27 (line 1027)
  0x000002b5901c23f8: 64c5 f7ff 

  0x000002b5901c23fc: ;   {other}
  0x000002b5901c23fc: 0f1f 8400 | ec02 0002 | 4c8b c04c | 8b8c 2498 | 0000 0048 | 8b54 2478 | 4889 8424 | a000 0000 
  0x000002b5901c241c: ;   {optimized virtual_call}
  0x000002b5901c241c: 6666 90e8 

  0x000002b5901c2420: ; ImmutableOopMap {[160]=Oop }
                      ;*invokevirtual postDefineClass {reexecute=0 rethrow=0 return_oop=0}
                      ; - java.lang.ClassLoader::defineClass@37 (line 1028)
  0x000002b5901c2420: dc08 0000 

  0x000002b5901c2424: ;   {other}
  0x000002b5901c2424: 0f1f 8400 | 1403 0003 | 488b 8424 | a000 0000 | 4881 c4b0 | 0000 005d 

  0x000002b5901c243c: ;   {poll_return}
  0x000002b5901c243c: 493b a748 | 0400 000f | 8715 0000 

  0x000002b5901c2448: ;   {runtime_call throw_null_pointer_exception Runtime1 stub}
  0x000002b5901c2448: 00c3 e851 

  0x000002b5901c244c: ; ImmutableOopMap {rax=Oop [120]=Oop [128]=Oop [136]=Oop [152]=Oop }
                      ;*invokevirtual getCodeSource {reexecute=0 rethrow=0 return_oop=0}
                      ; - java.lang.ClassLoader::defineClassSourceLocation@1 (line 924)
                      ; - java.lang.ClassLoader::defineClass@12 (line 1026)
                      ;   {runtime_call throw_null_pointer_exception Runtime1 stub}
  0x000002b5901c244c: 76ba ffe8 

  0x000002b5901c2450: ; ImmutableOopMap {rax=Oop [120]=Oop [128]=Oop [136]=Oop [152]=Oop }
                      ;*invokevirtual getLocation {reexecute=0 rethrow=0 return_oop=0}
                      ; - java.lang.ClassLoader::defineClassSourceLocation@12 (line 926)
                      ; - java.lang.ClassLoader::defineClass@12 (line 1026)
  0x000002b5901c2450: 4c76 baff 

  0x000002b5901c2454: ;   {runtime_call throw_null_pointer_exception Runtime1 stub}
  0x000002b5901c2454: e847 76ba 

  0x000002b5901c2458: ; ImmutableOopMap {r8=Oop [120]=Oop [128]=Oop [136]=Oop [152]=Oop }
                      ;*invokevirtual toString {reexecute=0 rethrow=0 return_oop=0}
                      ; - java.lang.ClassLoader::defineClassSourceLocation@22 (line 927)
                      ; - java.lang.ClassLoader::defineClass@12 (line 1026)
                      ;   {runtime_call throw_null_pointer_exception Runtime1 stub}
  0x000002b5901c2458: ffe8 4276 

  0x000002b5901c245c: ; ImmutableOopMap {r8=Oop rdx=Oop [120]=Oop [128]=Oop [136]=Oop [152]=Oop }
                      ;*invokevirtual toExternalForm {reexecute=0 rethrow=0 return_oop=0}
                      ; - java.net.URL::toExternalForm@5 (line 1203)
                      ; - java.net.URL::toString@1 (line 1189)
                      ; - java.lang.ClassLoader::defineClassSourceLocation@22 (line 927)
                      ; - java.lang.ClassLoader::defineClass@12 (line 1026)
                      ;   {internal_word}
  0x000002b5901c245c: baff 49ba | 3c24 1c90 | b502 0000 | 4d89 9760 

  0x000002b5901c246c: ;   {runtime_call SafepointBlob}
  0x000002b5901c246c: 0400 00e9 | 0c45 afff | 498b 87f8 | 0400 0049 | c787 f804 | 0000 0000 | 0000 49c7 | 8700 0500 
  0x000002b5901c248c: 0000 0000 | 0048 81c4 | b000 0000 

  0x000002b5901c2498: ;   {runtime_call unwind_exception Runtime1 stub}
  0x000002b5901c2498: 5de9 e266 | baff f4f4 
[Stub Code]
  0x000002b5901c24a0: ;   {no_reloc}
  0x000002b5901c24a0: 0f1f 4400 

  0x000002b5901c24a4: ;   {static_stub}
  0x000002b5901c24a4: 0048 bb00 | 0000 0000 

  0x000002b5901c24ac: ;   {runtime_call nmethod}
  0x000002b5901c24ac: 0000 00e9 | fbff ffff 

  0x000002b5901c24b4: ;   {static_stub}
  0x000002b5901c24b4: 48bb 0000 | 0000 0000 

  0x000002b5901c24bc: ;   {runtime_call nmethod}
  0x000002b5901c24bc: 0000 e9fb 

  0x000002b5901c24c0: ;   {static_stub}
  0x000002b5901c24c0: ffff ff48 | bb00 0000 | 0000 0000 

  0x000002b5901c24cc: ;   {runtime_call nmethod}
  0x000002b5901c24cc: 00e9 fbff 

  0x000002b5901c24d0: ;   {static_stub}
  0x000002b5901c24d0: ffff 48bb | 0000 0000 | 0000 0000 

  0x000002b5901c24dc: ;   {runtime_call nmethod}
  0x000002b5901c24dc: e9fb ffff 

  0x000002b5901c24e0: ;   {runtime_call handle_exception_from_callee Runtime1 stub}
  0x000002b5901c24e0: ffe8 9aa0 

  0x000002b5901c24e4: ;   {external_word}
  0x000002b5901c24e4: baff 48b9 | 2053 ea07 | f97f 0000 | 4883 e4f0 

  0x000002b5901c24f4: ;   {runtime_call}
  0x000002b5901c24f4: 48b8 90b7 | ac07 f97f | 0000 ffd0 

  0x000002b5901c2500: ;   {section_word}
  0x000002b5901c2500: f449 ba01 | 251c 90b5 | 0200 0041 

  0x000002b5901c250c: ;   {runtime_call DeoptimizationBlob}
  0x000002b5901c250c: 52e9 0e59 | afff f4f4 | f4f4 f4f4 
[/MachCode]


Compiled method (c1) 11280 1712       1       jdk.internal.loader.BuiltinClassLoader::defineClass (121 bytes)
 total in heap  [0x000002b5901c7c10,0x000002b5901c8b20] = 3856
 relocation     [0x000002b5901c7d70,0x000002b5901c7eb8] = 328
 main code      [0x000002b5901c7ec0,0x000002b5901c8580] = 1728
 stub code      [0x000002b5901c8580,0x000002b5901c86a0] = 288
 metadata       [0x000002b5901c86a0,0x000002b5901c86e8] = 72
 scopes data    [0x000002b5901c86e8,0x000002b5901c8940] = 600
 scopes pcs     [0x000002b5901c8940,0x000002b5901c8ae0] = 416
 dependencies   [0x000002b5901c8ae0,0x000002b5901c8ae8] = 8
 handler table  [0x000002b5901c8ae8,0x000002b5901c8b00] = 24
 nul chk table  [0x000002b5901c8b00,0x000002b5901c8b20] = 32

[Constant Pool (empty)]

[MachCode]
[Entry Point]
  # {method} {0x000002b598068d38} 'defineClass' '(Ljava/lang/String;Ljdk/internal/loader/Resource;)Ljava/lang/Class;' in 'jdk/internal/loader/BuiltinClassLoader'
  # this:     rdx:rdx   = 'jdk/internal/loader/BuiltinClassLoader'
  # parm0:    r8:r8     = 'java/lang/String'
  # parm1:    r9:r9     = 'jdk/internal/loader/Resource'
  #           [sp+0x110]  (sp of caller)
  0x000002b5901c7ec0: 448b 5208 | 49bb 0000 | 0098 b502 | 0000 4d03 | d34c 3bd0 

  0x000002b5901c7ed4: ;   {runtime_call ic_miss_stub}
  0x000002b5901c7ed4: 0f85 a66a | aeff 660f | 1f44 0000 
[Verified Entry Point]
  0x000002b5901c7ee0: 8984 2400 | 80ff ff55 | 4881 ec00 | 0100 0090 | 4181 7f20 | 0700 0000 

  0x000002b5901c7ef8: ;   {runtime_call StubRoutines (final stubs)}
  0x000002b5901c7ef8: 7405 e8a1 | 03ad ff48 | 8994 24a0 | 0000 004c | 8984 2490 | 0000 004c | 898c 2498 | 0000 0049 
  0x000002b5901c7f18: 8bd1 6666 | 9048 b8ff | ffff ffff 

  0x000002b5901c7f24: ;   {virtual_call}
  0x000002b5901c7f24: ffff ffe8 

  0x000002b5901c7f28: ; ImmutableOopMap {[144]=Oop [152]=Oop [160]=Oop }
                      ;*invokevirtual getCodeSourceURL {reexecute=0 rethrow=0 return_oop=0}
                      ; - jdk.internal.loader.BuiltinClassLoader::defineClass@1 (line 842)
  0x000002b5901c7f28: 9ce9 baff 

  0x000002b5901c7f2c: ;   {other}
  0x000002b5901c7f2c: 0f1f 8400 | 1c03 0000 | 4889 8424 | a800 0000 | 4c8b 8424 | 9000 0000 

  0x000002b5901c7f44: ; implicit exception: dispatches to 0x000002b5901c8482
  0x000002b5901c7f44: 418b 7014 

  0x000002b5901c7f48: ; implicit exception: dispatches to 0x000002b5901c8487
  0x000002b5901c7f48: 8b56 0c45 | 0fbe 4810 | 498b c9c1 | e118 c1f9 | 18d3 fa48 | 8bfa ffcf | 4585 c9ba | 0000 0000 
  0x000002b5901c7f68: 7505 ba01 | 0000 0083 | e201 85d2 | 488b d641 | b82e 0000 | 004c 8bcf | 0f84 1300 

  0x000002b5901c7f84: ;   {static_call}
  0x000002b5901c7f84: 0000 90e8 

  0x000002b5901c7f88: ; ImmutableOopMap {[144]=Oop [152]=Oop [160]=Oop [168]=Oop }
                      ;*invokestatic lastIndexOf {reexecute=0 rethrow=0 return_oop=0}
                      ; - java.lang.String::lastIndexOf@13 (line 2573)
                      ; - java.lang.String::lastIndexOf@8 (line 2535)
                      ; - jdk.internal.loader.BuiltinClassLoader::defineClass@8 (line 845)
  0x000002b5901c7f88: 34d8 bbff 

  0x000002b5901c7f8c: ;   {other}
  0x000002b5901c7f8c: 0f1f 8400 | 7c03 0001 | e913 0000 | 0066 0f1f 

  0x000002b5901c7f9c: ;   {static_call}
  0x000002b5901c7f9c: 4400 00e8 

  0x000002b5901c7fa0: ; ImmutableOopMap {[144]=Oop [152]=Oop [160]=Oop [168]=Oop }
                      ;*invokestatic lastIndexOf {reexecute=0 rethrow=0 return_oop=0}
                      ; - java.lang.String::lastIndexOf@25 (line 2574)
                      ; - java.lang.String::lastIndexOf@8 (line 2535)
                      ; - jdk.internal.loader.BuiltinClassLoader::defineClass@8 (line 845)
  0x000002b5901c7fa0: dc78 aeff 

  0x000002b5901c7fa4: ;   {other}
  0x000002b5901c7fa4: 0f1f 8400 | 9403 0002 | 83f8 ff0f | 847f 0000 | 0041 b800 | 0000 004c | 8bc8 488b | 9424 9000 
  0x000002b5901c7fc4: ;   {optimized virtual_call}
  0x000002b5901c7fc4: 0000 90e8 

  0x000002b5901c7fc8: ; ImmutableOopMap {[144]=Oop [152]=Oop [160]=Oop [168]=Oop }
                      ;*invokevirtual substring {reexecute=0 rethrow=0 return_oop=0}
                      ; - jdk.internal.loader.BuiltinClassLoader::defineClass@23 (line 847)
  0x000002b5901c7fc8: b425 d1ff 

  0x000002b5901c7fcc: ;   {other}
  0x000002b5901c7fcc: 0f1f 8400 | bc03 0003 | 488b 9424 | 9800 0000 | 4889 8424 | b000 0000 | 9048 b8ff | ffff ffff 
  0x000002b5901c7fec: ;   {virtual_call}
  0x000002b5901c7fec: ffff ffe8 

  0x000002b5901c7ff0: ; ImmutableOopMap {[144]=Oop [152]=Oop [160]=Oop [168]=Oop [176]=Oop }
                      ;*invokevirtual getManifest {reexecute=0 rethrow=0 return_oop=0}
                      ; - jdk.internal.loader.BuiltinClassLoader::defineClass@29 (line 848)
  0x000002b5901c7ff0: ece7 baff 

  0x000002b5901c7ff4: ;   {other}
  0x000002b5901c7ff4: 0f1f 8400 | e403 0004 | 4c8b 8424 | b000 0000 | 4c8b c848 | 8bbc 24a8 | 0000 0048 | 8b94 24a0 
  0x000002b5901c8014: 0000 0066 | 0f1f 4400 | 0048 b878 | 9306 98b5 

  0x000002b5901c8024: ;   {virtual_call}
  0x000002b5901c8024: 0200 00e8 

  0x000002b5901c8028: ; ImmutableOopMap {[144]=Oop [152]=Oop [160]=Oop [168]=Oop }
                      ;*invokevirtual defineOrCheckPackage {reexecute=0 rethrow=0 return_oop=0}
                      ; - jdk.internal.loader.BuiltinClassLoader::defineClass@40 (line 849)
  0x000002b5901c8028: 14da ffff 

  0x000002b5901c802c: ;   {other}
  0x000002b5901c802c: 0f1f 8400 | 1c04 0005 | 4c8b 8c24 | 9800 0000 | 488d 9424 | e000 0000 | 4c89 4a08 | 498b 0148 
  0x000002b5901c804c: 83c8 0148 | 8902 f049 | 0fb1 110f | 8412 0000 | 0048 2bc4 | 4825 07f0 | ffff 4889 | 020f 851d 
  0x000002b5901c806c: 0400 0049 | ff87 4805 | 0000 418b | 510c 4885 | d20f 8551 | 0000 0049 | 8bd1 0f1f | 8000 0000 
  0x000002b5901c808c: 0048 b8ff | ffff ffff 

  0x000002b5901c8094: ;   {virtual_call}
  0x000002b5901c8094: ffff ffe8 

  0x000002b5901c8098: ; ImmutableOopMap {[144]=Oop [152]=Oop [160]=Oop [168]=Oop [232]=Oop }
                      ;*invokevirtual getInputStream {reexecute=0 rethrow=0 return_oop=0}
                      ; - jdk.internal.loader.Resource::cachedInputStream@9 (line 77)
                      ; - jdk.internal.loader.Resource::getByteBuffer@1 (line 163)
                      ; - jdk.internal.loader.BuiltinClassLoader::defineClass@45 (line 853)
  0x000002b5901c8098: 54e6 baff 

  0x000002b5901c809c: ;   {other}
  0x000002b5901c809c: 0f1f 8400 | 8c04 0006 | 410f be57 | 4085 d24c | 8b8c 2498 | 0000 000f | 85e6 0300 | 004c 8bd0 
  0x000002b5901c80bc: 4589 510c | 498b d148 | 33d0 48c1 | ea14 4883 | fa00 0f85 | e703 0000 | 418b 510c | 488d 8424 
  0x000002b5901c80dc: e000 0000 | 488b 3048 | 85f6 0f84 | 0f00 0000 | 488b 7808 | f048 0fb1 | 370f 85d8 | 0300 0049 
  0x000002b5901c80fc: ff8f 4805 | 0000 4885 | d20f 8443 

  0x000002b5901c8108: ;   {metadata('sun/nio/ByteBuffered')}
  0x000002b5901c8108: 0000 0048 | b888 4b36 | 98b5 0200 | 008b 5a08 | 49ba 0000 | 0098 b502 | 0000 4903 | da48 3b43 
  0x000002b5901c8128: 200f 8424 | 0000 0048 | 3bd8 0f84 | 1b00 0000 

  0x000002b5901c8138: ;   {runtime_call slow_subtype_check Runtime1 stub}
  0x000002b5901c8138: 5350 e841 | 50ba ff5b | 5b85 db0f | 8405 0000 | 00e9 0500 | 0000 4833 | f6eb 0748 | c7c6 0100 
  0x000002b5901c8158: 0000 85f6 | 0f84 6f00 | 0000 4885 | d20f 8443 

  0x000002b5901c8168: ;   {metadata('sun/nio/ByteBuffered')}
  0x000002b5901c8168: 0000 0048 | bb88 4b36 | 98b5 0200 | 008b 7a08 | 49ba 0000 | 0098 b502 | 0000 4903 | fa48 3b5f 
  0x000002b5901c8188: 200f 841f | 0000 0048 | 3bfb 0f84 | 1600 0000 

  0x000002b5901c8198: ;   {runtime_call slow_subtype_check Runtime1 stub}
  0x000002b5901c8198: 5753 e8e1 | 4fba ff5f | 5f85 ff0f | 8440 0300 | 00e9 0000 | 0000 0f1f | 8000 0000 | 0048 b8ff 
  0x000002b5901c81b8: ffff ffff 

  0x000002b5901c81bc: ;   {virtual_call}
  0x000002b5901c81bc: ffff ffe8 

  0x000002b5901c81c0: ; ImmutableOopMap {[144]=Oop [152]=Oop [160]=Oop [168]=Oop }
                      ;*invokeinterface getByteBuffer {reexecute=0 rethrow=0 return_oop=0}
                      ; - jdk.internal.loader.Resource::getByteBuffer@16 (line 165)
                      ; - jdk.internal.loader.BuiltinClassLoader::defineClass@45 (line 853)
  0x000002b5901c81c0: bc71 aeff 

  0x000002b5901c81c4: ;   {other}
  0x000002b5901c81c4: 0f1f 8400 | b405 0007 | e90a 0000 

  0x000002b5901c81d0: ;   {oop(nullptr)}
  0x000002b5901c81d0: 0048 b800 | 0000 0000 | 0000 0048 | 85c0 0f84 | 0601 0000 | 4889 8424 | b800 0000 | 488b 9424 
  0x000002b5901c81f0: 9800 0000 | 9048 b8ff | ffff ffff 

  0x000002b5901c81fc: ;   {virtual_call}
  0x000002b5901c81fc: ffff ffe8 

  0x000002b5901c8200: ; ImmutableOopMap {[144]=Oop [160]=Oop [168]=Oop [184]=Oop }
                      ;*invokevirtual getCodeSigners {reexecute=0 rethrow=0 return_oop=0}
                      ; - jdk.internal.loader.BuiltinClassLoader::defineClass@56 (line 855)
  0x000002b5901c8200: 7c71 aeff 

  0x000002b5901c8204: ;   {other}
  0x000002b5901c8204: 0f1f 8400 | f405 0008 

  0x000002b5901c820c: ;   {metadata('java/security/CodeSource')}
  0x000002b5901c820c: 4c8b c848 | ba28 5c00 | 98b5 0200 | 0049 8b87 | b801 0000 | 488d 7828 | 493b bfc8 | 0100 000f 
  0x000002b5901c822c: 87c1 0200 | 0049 89bf | b801 0000 | 48c7 0001 | 0000 0048 | 8bca 49ba | 0000 0098 | b502 0000 
  0x000002b5901c824c: 492b ca89 | 4808 4833 | c989 480c | 4833 c948 | 8948 1048 | 8948 1848 | 8948 204c | 8b84 24a8 
  0x000002b5901c826c: 0000 0048 | 8bd0 4889 | 8424 c000 | 0000 0f1f 

  0x000002b5901c827c: ;   {optimized virtual_call}
  0x000002b5901c827c: 4400 00e8 

  0x000002b5901c8280: ; ImmutableOopMap {[144]=Oop [160]=Oop [184]=Oop [192]=Oop }
                      ;*invokespecial <init> {reexecute=0 rethrow=0 return_oop=0}
                      ; - jdk.internal.loader.BuiltinClassLoader::defineClass@68 (line 856)
  0x000002b5901c8280: fc6b aeff 

  0x000002b5901c8284: ;   {other}
  0x000002b5901c8284: 0f1f 8400 | 7406 0009 | 4c8b 8424 | c000 0000 | 488b 9424 | a000 0000 

  0x000002b5901c829c: ;   {optimized virtual_call}
  0x000002b5901c829c: 6666 90e8 

  0x000002b5901c82a0: ; ImmutableOopMap {[144]=Oop [160]=Oop [184]=Oop }
                      ;*invokevirtual getProtectionDomain {reexecute=0 rethrow=0 return_oop=0}
                      ; - java.security.SecureClassLoader::defineClass@5 (line 182)
                      ; - jdk.internal.loader.BuiltinClassLoader::defineClass@79 (line 857)
  0x000002b5901c82a0: dc6b aeff 

  0x000002b5901c82a4: ;   {other}
  0x000002b5901c82a4: 0f1f 8400 | 9406 000a | 4c8b 8424 | 9000 0000 | 4c8b 8c24 | b800 0000 | 488b f848 | 8b94 24a0 
  0x000002b5901c82c4: ;   {optimized virtual_call}
  0x000002b5901c82c4: 0000 00e8 

  0x000002b5901c82c8: ; ImmutableOopMap {}
                      ;*invokevirtual defineClass {reexecute=0 rethrow=0 return_oop=0}
                      ; - java.security.SecureClassLoader::defineClass@8 (line 182)
                      ; - jdk.internal.loader.BuiltinClassLoader::defineClass@79 (line 857)
  0x000002b5901c82c8: b46b aeff 

  0x000002b5901c82cc: ;   {other}
  0x000002b5901c82cc: 0f1f 8400 | bc06 000b | 4881 c400 | 0100 005d 

  0x000002b5901c82dc: ;   {poll_return}
  0x000002b5901c82dc: 493b a748 | 0400 000f | 8716 0200 | 00c3 4c8b | 8c24 9800 | 0000 498b | d148 b8ff | ffff ffff 
  0x000002b5901c82fc: ;   {virtual_call}
  0x000002b5901c82fc: ffff ffe8 

  0x000002b5901c8300: ; ImmutableOopMap {[144]=Oop [152]=Oop [160]=Oop [168]=Oop }
                      ;*invokevirtual getBytes {reexecute=0 rethrow=0 return_oop=0}
                      ; - jdk.internal.loader.BuiltinClassLoader::defineClass@84 (line 859)
  0x000002b5901c8300: 4ce4 baff 

  0x000002b5901c8304: ;   {other}
  0x000002b5901c8304: 0f1f 8400 | f406 000c | 4889 8424 | c800 0000 | 488b 9424 | 9800 0000 | 9048 b8ff | ffff ffff 
  0x000002b5901c8324: ;   {virtual_call}
  0x000002b5901c8324: ffff ffe8 

  0x000002b5901c8328: ; ImmutableOopMap {[144]=Oop [160]=Oop [168]=Oop [200]=Oop }
                      ;*invokevirtual getCodeSigners {reexecute=0 rethrow=0 return_oop=0}
                      ; - jdk.internal.loader.BuiltinClassLoader::defineClass@90 (line 860)
  0x000002b5901c8328: 54e4 baff 

  0x000002b5901c832c: ;   {other}
  0x000002b5901c832c: 0f1f 8400 | 1c07 000d 

  0x000002b5901c8334: ;   {metadata('java/security/CodeSource')}
  0x000002b5901c8334: 4c8b c848 | ba28 5c00 | 98b5 0200 | 0049 8b87 | b801 0000 | 488d 7828 | 493b bfc8 | 0100 000f 
  0x000002b5901c8354: 87bc 0100 | 0049 89bf | b801 0000 | 48c7 0001 | 0000 0048 | 8bca 49ba | 0000 0098 | b502 0000 
  0x000002b5901c8374: 492b ca89 | 4808 4833 | c989 480c | 4833 c948 | 8948 1048 | 8948 1848 | 8948 204c | 8b84 24a8 
  0x000002b5901c8394: 0000 0048 | 8bd0 4889 | 8424 d000 | 0000 0f1f 

  0x000002b5901c83a4: ;   {optimized virtual_call}
  0x000002b5901c83a4: 4400 00e8 

  0x000002b5901c83a8: ; ImmutableOopMap {[144]=Oop [160]=Oop [200]=Oop [208]=Oop }
                      ;*invokespecial <init> {reexecute=0 rethrow=0 return_oop=0}
                      ; - jdk.internal.loader.BuiltinClassLoader::defineClass@102 (line 861)
  0x000002b5901c83a8: 5495 ffff 

  0x000002b5901c83ac: ;   {other}
  0x000002b5901c83ac: 0f1f 8400 | 9c07 000e | 488b 8424 | c800 0000 

  0x000002b5901c83bc: ; implicit exception: dispatches to 0x000002b5901c8522
  0x000002b5901c83bc: 8b70 0c4c | 8b84 24d0 | 0000 0048 | 8b94 24a0 | 0000 0089 | b424 d800 

  0x000002b5901c83d4: ;   {optimized virtual_call}
  0x000002b5901c83d4: 0000 90e8 

  0x000002b5901c83d8: ; ImmutableOopMap {[144]=Oop [160]=Oop [200]=Oop }
                      ;*invokevirtual getProtectionDomain {reexecute=0 rethrow=0 return_oop=0}
                      ; - java.security.SecureClassLoader::defineClass@9 (line 150)
                      ; - jdk.internal.loader.BuiltinClassLoader::defineClass@117 (line 862)
  0x000002b5901c83d8: a48f ffff 

  0x000002b5901c83dc: ;   {other}
  0x000002b5901c83dc: 0f1f 8400 | cc07 000f | 4c8b 8424 | 9000 0000 | 4c8b 8c24 | c800 0000 | bf00 0000 | 008b b424 
  0x000002b5901c83fc: d800 0000 | 488b c848 | 8b94 24a0 | 0000 000f 

  0x000002b5901c840c: ;   {optimized virtual_call}
  0x000002b5901c840c: 1f40 00e8 

  0x000002b5901c8410: ; ImmutableOopMap {}
                      ;*invokevirtual defineClass {reexecute=0 rethrow=0 return_oop=0}
                      ; - java.security.SecureClassLoader::defineClass@12 (line 150)
                      ; - jdk.internal.loader.BuiltinClassLoader::defineClass@117 (line 862)
  0x000002b5901c8410: ec9e ffff 

  0x000002b5901c8414: ;   {other}
  0x000002b5901c8414: 0f1f 8400 | 0408 0010 | 4881 c400 | 0100 005d 

  0x000002b5901c8424: ;   {poll_return}
  0x000002b5901c8424: 493b a748 | 0400 000f | 87f6 0000 | 00c3 498b | 87f8 0400 | 004d 33d2 | 4d89 97f8 | 0400 004d 
  0x000002b5901c8444: 33d2 4d89 | 9700 0500 | 0048 8bf0 | 488d 8424 | e000 0000 | 488b 3848 | 85ff 0f84 | 0f00 0000 
  0x000002b5901c8464: 488b 5808 | f048 0fb1 | 3b0f 85ca | 0000 0049 | ff8f 4805 | 0000 488b | c6e9 ee00 

  0x000002b5901c8480: ;   {runtime_call throw_null_pointer_exception Runtime1 stub}
  0x000002b5901c8480: 0000 e819 

  0x000002b5901c8484: ; ImmutableOopMap {rax=Oop r8=Oop [144]=Oop [152]=Oop [160]=Oop [168]=Oop }
                      ;*invokevirtual lastIndexOf {reexecute=0 rethrow=0 return_oop=0}
                      ; - jdk.internal.loader.BuiltinClassLoader::defineClass@8 (line 845)
                      ;   {runtime_call throw_null_pointer_exception Runtime1 stub}
  0x000002b5901c8484: 16ba ffe8 

  0x000002b5901c8488: ; ImmutableOopMap {rax=Oop r8=Oop rsi=Oop [144]=Oop [152]=Oop [160]=Oop [168]=Oop }
                      ;*arraylength {reexecute=0 rethrow=0 return_oop=0}
                      ; - java.lang.String::length@4 (line 1519)
                      ; - java.lang.String::lastIndexOf@3 (line 2535)
                      ; - jdk.internal.loader.BuiltinClassLoader::defineClass@8 (line 845)
  0x000002b5901c8488: 1416 baff | 4c89 4c24 | 0848 8914 

  0x000002b5901c8494: ;   {runtime_call monitorenter_nofpu Runtime1 stub}
  0x000002b5901c8494: 24e8 e658 

  0x000002b5901c8498: ; ImmutableOopMap {r9=Oop [144]=Oop [152]=Oop [160]=Oop [168]=Oop [232]=Oop }
                      ;*synchronization entry
                      ; - jdk.internal.loader.Resource::cachedInputStream@-1 (line 76)
                      ; - jdk.internal.loader.Resource::getByteBuffer@1 (line 163)
                      ; - jdk.internal.loader.BuiltinClassLoader::defineClass@45 (line 853)
  0x000002b5901c8498: baff e9d7 | fbff ff41 | 8b51 0c48 | 83fa 000f | 840c fcff | ff48 8914 

  0x000002b5901c84b0: ;   {runtime_call g1_pre_barrier_slow}
  0x000002b5901c84b0: 24e8 4a8f | baff e9fe | fbff ff48 | 83f8 000f | 840f fcff | ff4c 890c 

  0x000002b5901c84c8: ;   {runtime_call g1_post_barrier_slow}
  0x000002b5901c84c8: 24e8 3292 | baff e901 | fcff ff48 | 8d84 24e0 | 0000 0048 

  0x000002b5901c84dc: ;   {runtime_call monitorexit_nofpu Runtime1 stub}
  0x000002b5901c84dc: 8904 24e8 | 1c5f baff | e919 fcff | ff48 8914 

  0x000002b5901c84ec: ;   {runtime_call throw_class_cast_exception Runtime1 stub}
  0x000002b5901c84ec: 24e8 ae46 

  0x000002b5901c84f0: ; ImmutableOopMap {[144]=Oop [152]=Oop [160]=Oop [168]=Oop }
                      ;*checkcast {reexecute=0 rethrow=0 return_oop=0}
                      ; - jdk.internal.loader.Resource::getByteBuffer@13 (line 165)
                      ; - jdk.internal.loader.BuiltinClassLoader::defineClass@45 (line 853)
  0x000002b5901c84f0: baff 488b 

  0x000002b5901c84f4: ;   {runtime_call fast_new_instance Runtime1 stub}
  0x000002b5901c84f4: d2e8 8620 

  0x000002b5901c84f8: ; ImmutableOopMap {r9=Oop [144]=Oop [160]=Oop [168]=Oop [184]=Oop }
                      ;*new {reexecute=0 rethrow=0 return_oop=0}
                      ; - jdk.internal.loader.BuiltinClassLoader::defineClass@61 (line 856)
  0x000002b5901c84f8: baff e968 

  0x000002b5901c84fc: ;   {internal_word}
  0x000002b5901c84fc: fdff ff49 | badc 821c | 90b5 0200 | 004d 8997 | 6004 0000 

  0x000002b5901c8510: ;   {runtime_call SafepointBlob}
  0x000002b5901c8510: e96b e4ae | ff48 8bd2 

  0x000002b5901c8518: ;   {runtime_call fast_new_instance Runtime1 stub}
  0x000002b5901c8518: e863 20ba 

  0x000002b5901c851c: ; ImmutableOopMap {r9=Oop [144]=Oop [160]=Oop [168]=Oop [200]=Oop }
                      ;*new {reexecute=0 rethrow=0 return_oop=0}
                      ; - jdk.internal.loader.BuiltinClassLoader::defineClass@95 (line 861)
  0x000002b5901c851c: ffe9 6dfe 

  0x000002b5901c8520: ;   {runtime_call throw_null_pointer_exception Runtime1 stub}
  0x000002b5901c8520: ffff e879 

  0x000002b5901c8524: ; ImmutableOopMap {rax=Oop [144]=Oop [160]=Oop [200]=Oop [208]=Oop }
                      ;*arraylength {reexecute=0 rethrow=0 return_oop=0}
                      ; - jdk.internal.loader.BuiltinClassLoader::defineClass@114 (line 862)
                      ;   {internal_word}
  0x000002b5901c8524: 15ba ff49 | ba24 841c | 90b5 0200 | 004d 8997 | 6004 0000 

  0x000002b5901c8538: ;   {runtime_call SafepointBlob}
  0x000002b5901c8538: e943 e4ae | ff48 8d84 | 24e0 0000 | 0048 8904 

  0x000002b5901c8548: ;   {runtime_call monitorexit_nofpu Runtime1 stub}
  0x000002b5901c8548: 24e8 b25e | baff e927 | ffff ff49 | 8b87 f804 | 0000 49c7 | 87f8 0400 | 0000 0000 | 0049 c787 
  0x000002b5901c8568: 0005 0000 | 0000 0000 | 4881 c400 | 0100 005d 

  0x000002b5901c8578: ;   {runtime_call unwind_exception Runtime1 stub}
  0x000002b5901c8578: e903 06ba | fff4 f4f4 
[Stub Code]
  0x000002b5901c8580: ;   {no_reloc}
  0x000002b5901c8580: 0f1f 4400 

  0x000002b5901c8584: ;   {static_stub}
  0x000002b5901c8584: 0048 bb00 | 0000 0000 

  0x000002b5901c858c: ;   {runtime_call nmethod}
  0x000002b5901c858c: 0000 00e9 | fbff ffff 

  0x000002b5901c8594: ;   {static_stub}
  0x000002b5901c8594: 9048 bb00 | 0000 0000 

  0x000002b5901c859c: ;   {runtime_call nmethod}
  0x000002b5901c859c: 0000 00e9 | fbff ffff 

  0x000002b5901c85a4: ;   {static_stub}
  0x000002b5901c85a4: 9048 bb00 | 0000 0000 

  0x000002b5901c85ac: ;   {runtime_call nmethod}
  0x000002b5901c85ac: 0000 00e9 | fbff ffff 

  0x000002b5901c85b4: ;   {static_stub}
  0x000002b5901c85b4: 9048 bb00 | 0000 0000 

  0x000002b5901c85bc: ;   {runtime_call nmethod}
  0x000002b5901c85bc: 0000 00e9 | fbff ffff 

  0x000002b5901c85c4: ;   {static_stub}
  0x000002b5901c85c4: 9048 bb00 | 0000 0000 

  0x000002b5901c85cc: ;   {runtime_call nmethod}
  0x000002b5901c85cc: 0000 00e9 | fbff ffff 

  0x000002b5901c85d4: ;   {static_stub}
  0x000002b5901c85d4: 9048 bb00 | 0000 0000 

  0x000002b5901c85dc: ;   {runtime_call nmethod}
  0x000002b5901c85dc: 0000 00e9 | fbff ffff 

  0x000002b5901c85e4: ;   {static_stub}
  0x000002b5901c85e4: 9048 bb00 | 0000 0000 

  0x000002b5901c85ec: ;   {runtime_call nmethod}
  0x000002b5901c85ec: 0000 00e9 | fbff ffff 

  0x000002b5901c85f4: ;   {static_stub}
  0x000002b5901c85f4: 9048 bb00 | 0000 0000 

  0x000002b5901c85fc: ;   {runtime_call nmethod}
  0x000002b5901c85fc: 0000 00e9 | fbff ffff 

  0x000002b5901c8604: ;   {static_stub}
  0x000002b5901c8604: 48bb 0000 | 0000 0000 

  0x000002b5901c860c: ;   {runtime_call nmethod}
  0x000002b5901c860c: 0000 e9fb 

  0x000002b5901c8610: ;   {static_stub}
  0x000002b5901c8610: ffff ff48 | bb00 0000 | 0000 0000 

  0x000002b5901c861c: ;   {runtime_call nmethod}
  0x000002b5901c861c: 00e9 fbff 

  0x000002b5901c8620: ;   {static_stub}
  0x000002b5901c8620: ffff 48bb | 0000 0000 | 0000 0000 

  0x000002b5901c862c: ;   {runtime_call nmethod}
  0x000002b5901c862c: e9fb ffff 

  0x000002b5901c8630: ;   {static_stub}
  0x000002b5901c8630: ff48 bb00 | 0000 0000 

  0x000002b5901c8638: ;   {runtime_call nmethod}
  0x000002b5901c8638: 0000 00e9 | fbff ffff 

  0x000002b5901c8640: ;   {static_stub}
  0x000002b5901c8640: 48bb 0000 | 0000 0000 

  0x000002b5901c8648: ;   {runtime_call nmethod}
  0x000002b5901c8648: 0000 e9fb 

  0x000002b5901c864c: ;   {static_stub}
  0x000002b5901c864c: ffff ff48 | bb00 0000 | 0000 0000 

  0x000002b5901c8658: ;   {runtime_call nmethod}
  0x000002b5901c8658: 00e9 fbff 

  0x000002b5901c865c: ;   {static_stub}
  0x000002b5901c865c: ffff 48bb | 0000 0000 | 0000 0000 

  0x000002b5901c8668: ;   {runtime_call nmethod}
  0x000002b5901c8668: e9fb ffff 

  0x000002b5901c866c: ;   {runtime_call handle_exception_from_callee Runtime1 stub}
  0x000002b5901c866c: ffe8 0e3f 

  0x000002b5901c8670: ;   {external_word}
  0x000002b5901c8670: baff 48b9 | 2053 ea07 | f97f 0000 | 4883 e4f0 

  0x000002b5901c8680: ;   {runtime_call}
  0x000002b5901c8680: 48b8 90b7 | ac07 f97f | 0000 ffd0 

  0x000002b5901c868c: ;   {section_word}
  0x000002b5901c868c: f449 ba8d | 861c 90b5 | 0200 0041 

  0x000002b5901c8698: ;   {runtime_call DeoptimizationBlob}
  0x000002b5901c8698: 52e9 82f7 | aeff f4f4 
[/MachCode]


---------------  P R O C E S S  ---------------

Threads class SMR info:
_java_thread_list=0x000002b5dfc7e0e0, length=28, elements={
0x000002b58c2d32a0, 0x000002b597cff770, 0x000002b597d00960, 0x000002b597d04680,
0x000002b597d053a0, 0x000002b597d060c0, 0x000002b597d04d10, 0x000002b597d12a80,
0x000002b597cd3160, 0x000002b597d05a30, 0x000002b597d06750, 0x000002b597d06de0,
0x000002b597d03960, 0x000002b597d03ff0, 0x000002b5dd9495a0, 0x000002b5dd94a950,
0x000002b5dd9474d0, 0x000002b5dd947b60, 0x000002b5dd9481f0, 0x000002b5df00e640,
0x000002b5def7bcb0, 0x000002b5dd948880, 0x000002b5dd949c30, 0x000002b5dd94a2c0,
0x000002b5dd948f10, 0x000002b5df70ea00, 0x000002b5df70d650, 0x000002b5df710440
}

Java Threads: ( => current thread )
  0x000002b58c2d32a0 JavaThread "main"                              [_thread_in_vm, id=23356, stack(0x000000b830500000,0x000000b830600000) (1024K)]
  0x000002b597cff770 JavaThread "Reference Handler"          daemon [_thread_blocked, id=17508, stack(0x000000b830d00000,0x000000b830e00000) (1024K)]
  0x000002b597d00960 JavaThread "Finalizer"                  daemon [_thread_blocked, id=12956, stack(0x000000b830e00000,0x000000b830f00000) (1024K)]
  0x000002b597d04680 JavaThread "Signal Dispatcher"          daemon [_thread_blocked, id=24504, stack(0x000000b830f00000,0x000000b831000000) (1024K)]
  0x000002b597d053a0 JavaThread "Attach Listener"            daemon [_thread_blocked, id=17920, stack(0x000000b831000000,0x000000b831100000) (1024K)]
  0x000002b597d060c0 JavaThread "Service Thread"             daemon [_thread_blocked, id=8424, stack(0x000000b831100000,0x000000b831200000) (1024K)]
  0x000002b597d04d10 JavaThread "Monitor Deflation Thread"   daemon [_thread_blocked, id=19916, stack(0x000000b831200000,0x000000b831300000) (1024K)]
  0x000002b597d12a80 JavaThread "C1 CompilerThread0"         daemon [_thread_blocked, id=23812, stack(0x000000b831300000,0x000000b831400000) (1024K)]
  0x000002b597cd3160 JavaThread "C1 CompilerThread1"         daemon [_thread_blocked, id=5824, stack(0x000000b831400000,0x000000b831500000) (1024K)]
  0x000002b597d05a30 JavaThread "Notification Thread"        daemon [_thread_blocked, id=1656, stack(0x000000b831600000,0x000000b831700000) (1024K)]
  0x000002b597d06750 JavaThread "Common-Cleaner"             daemon [_thread_blocked, id=21036, stack(0x000000b831700000,0x000000b831800000) (1024K)]
  0x000002b597d06de0 JavaThread "RMI TCP Accept-0"           daemon [_thread_in_native, id=10300, stack(0x000000b831900000,0x000000b831a00000) (1024K)]
  0x000002b597d03960 JavaThread "RMI TCP Accept-62921"       daemon [_thread_in_native, id=11764, stack(0x000000b831a00000,0x000000b831b00000) (1024K)]
  0x000002b597d03ff0 JavaThread "RMI TCP Connection(1)-127.0.0.1" daemon [_thread_in_native, id=4788, stack(0x000000b831b00000,0x000000b831c00000) (1024K)]
  0x000002b5dd9495a0 JavaThread "RMI TCP Accept-0"           daemon [_thread_in_native, id=10036, stack(0x000000b831c00000,0x000000b831d00000) (1024K)]
  0x000002b5dd94a950 JavaThread "RMI Scheduler(0)"           daemon [_thread_blocked, id=9908, stack(0x000000b831d00000,0x000000b831e00000) (1024K)]
  0x000002b5dd9474d0 JavaThread "RMI TCP Connection(2)-127.0.0.1" daemon [_thread_in_native, id=18000, stack(0x000000b831e00000,0x000000b831f00000) (1024K)]
  0x000002b5dd947b60 JavaThread "JMX server connection timeout 28" daemon [_thread_blocked, id=23700, stack(0x000000b831f00000,0x000000b832000000) (1024K)]
  0x000002b5dd9481f0 JavaThread "Keep-Alive-Timer"           daemon [_thread_blocked, id=23728, stack(0x000000b831500000,0x000000b831600000) (1024K)]
  0x000002b5df00e640 JavaThread "C1 CompilerThread2"         daemon [_thread_blocked, id=1956, stack(0x000000b832800000,0x000000b832900000) (1024K)]
  0x000002b5def7bcb0 JavaThread "C1 CompilerThread3"         daemon [_thread_blocked, id=24008, stack(0x000000b832900000,0x000000b832a00000) (1024K)]
  0x000002b5dd948880 JavaThread "HttpClient-1-SelectorManager" daemon [_thread_in_native, id=12512, stack(0x000000b832a00000,0x000000b832b00000) (1024K)]
  0x000002b5dd949c30 JavaThread "Catalina-utility-1"                [_thread_blocked, id=17872, stack(0x000000b832b00000,0x000000b832c00000) (1024K)]
  0x000002b5dd94a2c0 JavaThread "Catalina-utility-2"                [_thread_blocked, id=24260, stack(0x000000b832c00000,0x000000b832d00000) (1024K)]
  0x000002b5dd948f10 JavaThread "container-0"                       [_thread_blocked, id=14280, stack(0x000000b832d00000,0x000000b832e00000) (1024K)]
  0x000002b5df70ea00 JavaThread "mysql-cj-abandoned-connection-cleanup" daemon [_thread_blocked, id=22340, stack(0x000000b832e00000,0x000000b832f00000) (1024K)]
  0x000002b5df70d650 JavaThread "HikariPool-1:housekeeper"   daemon [_thread_blocked, id=23336, stack(0x000000b832f00000,0x000000b833000000) (1024K)]
=>0x000002b5df710440 JavaThread "HikariPool-1:connection-adder" daemon [_thread_in_vm, id=14172, stack(0x000000b833000000,0x000000b833100000) (1024K)]
Total: 28

Other Threads:
  0x000002b597ce1ea0 VMThread "VM Thread"                           [id=19468, stack(0x000000b830c00000,0x000000b830d00000) (1024K)]
  0x000002b597cd29f0 WatcherThread "VM Periodic Task Thread"        [id=6304, stack(0x000000b830b00000,0x000000b830c00000) (1024K)]
  0x000002b58c32d410 WorkerThread "GC Thread#0"                     [id=9592, stack(0x000000b830600000,0x000000b830700000) (1024K)]
  0x000002b5dd9bd670 WorkerThread "GC Thread#1"                     [id=23108, stack(0x000000b832000000,0x000000b832100000) (1024K)]
  0x000002b5dd9be640 WorkerThread "GC Thread#2"                     [id=18384, stack(0x000000b832100000,0x000000b832200000) (1024K)]
  0x000002b5dda21390 WorkerThread "GC Thread#3"                     [id=9092, stack(0x000000b832200000,0x000000b832300000) (1024K)]
  0x000002b5dda21730 WorkerThread "GC Thread#4"                     [id=23916, stack(0x000000b832300000,0x000000b832400000) (1024K)]
  0x000002b5dda21ad0 WorkerThread "GC Thread#5"                     [id=16852, stack(0x000000b832400000,0x000000b832500000) (1024K)]
  0x000002b5dda21e70 WorkerThread "GC Thread#6"                     [id=3892, stack(0x000000b832500000,0x000000b832600000) (1024K)]
  0x000002b5dda22210 WorkerThread "GC Thread#7"                     [id=18128, stack(0x000000b832600000,0x000000b832700000) (1024K)]
  0x000002b58c35b030 ConcurrentGCThread "G1 Main Marker"            [id=24516, stack(0x000000b830700000,0x000000b830800000) (1024K)]
  0x000002b58c35b8e0 WorkerThread "G1 Conc#0"                       [id=19108, stack(0x000000b830800000,0x000000b830900000) (1024K)]
  0x000002b5de74b6e0 WorkerThread "G1 Conc#1"                       [id=2936, stack(0x000000b831800000,0x000000b831900000) (1024K)]
  0x000002b597ba12c0 ConcurrentGCThread "G1 Refine#0"               [id=15532, stack(0x000000b830900000,0x000000b830a00000) (1024K)]
  0x000002b597ba1be0 ConcurrentGCThread "G1 Service"                [id=23136, stack(0x000000b830a00000,0x000000b830b00000) (1024K)]
Total: 15

Threads with active compile tasks:
Total: 0

VM state: not at safepoint (normal execution)

VM Mutex/Monitor currently owned by a thread:  ([mutex/lock_event])
[0x00007ff90815b4f0] Metaspace_lock - owner thread: 0x000002b5df710440

Heap address: 0x0000000084200000, size: 1982 MB, Compressed Oops mode: 32-bit

CDS archive(s) mapped at: [0x000002b598000000-0x000002b598c80000-0x000002b598c80000), size 13107200, SharedBaseAddress: 0x000002b598000000, ArchiveRelocationMode: 1.
Compressed class space mapped at: 0x000002b599000000-0x000002b5d9000000, reserved size: 1073741824
Narrow klass base: 0x000002b598000000, Narrow klass shift: 0, Narrow klass range: 0x100000000

GC Precious Log:
 CardTable entry size: 512
 Card Set container configuration: InlinePtr #cards 5 size 8 Array Of Cards #cards 12 size 40 Howl #buckets 4 coarsen threshold 1843 Howl Bitmap #cards 512 size 80 coarsen threshold 460 Card regions per heap region 1 cards per card region 2048
 CPUs: 8 total, 8 available
 Memory: 7926M
 Large Page Support: Disabled
 NUMA Support: Disabled
 Compressed Oops: Enabled (32-bit)
 Heap Region Size: 1M
 Heap Min Capacity: 8M
 Heap Initial Capacity: 124M
 Heap Max Capacity: 1982M
 Pre-touch: Disabled
 Parallel Workers: 8
 Concurrent Workers: 2
 Concurrent Refinement Workers: 8
 Periodic GC: Disabled

Heap:
 garbage-first heap   total 95232K, used 54120K [0x0000000084200000, 0x0000000100000000)
  region size 1024K, 21 young (21504K), 4 survivors (4096K)
 Metaspace       used 62429K, committed 63168K, reserved 1114112K
  class space    used 8837K, committed 9152K, reserved 1048576K

Heap Regions: E=young(eden), S=young(survivor), O=old, HS=humongous(starts), HC=humongous(continues), CS=collection set, F=free, TAMS=top-at-mark-start, PB=parsable bottom
|   0|0x0000000084200000, 0x0000000084300000, 0x0000000084300000|100%|HS|  |TAMS 0x0000000084200000| PB 0x0000000084200000| Complete 
|   1|0x0000000084300000, 0x0000000084400000, 0x0000000084400000|100%|HS|  |TAMS 0x0000000084300000| PB 0x0000000084300000| Complete 
|   2|0x0000000084400000, 0x0000000084500000, 0x0000000084500000|100%|HS|  |TAMS 0x0000000084400000| PB 0x0000000084400000| Complete 
|   3|0x0000000084500000, 0x0000000084600000, 0x0000000084600000|100%| O|  |TAMS 0x0000000084500000| PB 0x0000000084500000| Untracked 
|   4|0x0000000084600000, 0x0000000084700000, 0x0000000084700000|100%| O|  |TAMS 0x0000000084600000| PB 0x0000000084600000| Untracked 
|   5|0x0000000084700000, 0x0000000084800000, 0x0000000084800000|100%| O|  |TAMS 0x0000000084700000| PB 0x0000000084700000| Untracked 
|   6|0x0000000084800000, 0x0000000084900000, 0x0000000084900000|100%| O|  |TAMS 0x0000000084800000| PB 0x0000000084800000| Untracked 
|   7|0x0000000084900000, 0x0000000084a00000, 0x0000000084a00000|100%| O|  |TAMS 0x0000000084900000| PB 0x0000000084900000| Untracked 
|   8|0x0000000084a00000, 0x0000000084b00000, 0x0000000084b00000|100%| O|  |TAMS 0x0000000084a00000| PB 0x0000000084a00000| Untracked 
|   9|0x0000000084b00000, 0x0000000084c00000, 0x0000000084c00000|100%| O|  |TAMS 0x0000000084b00000| PB 0x0000000084b00000| Untracked 
|  10|0x0000000084c00000, 0x0000000084d00000, 0x0000000084d00000|100%| O|  |TAMS 0x0000000084c00000| PB 0x0000000084c00000| Untracked 
|  11|0x0000000084d00000, 0x0000000084e00000, 0x0000000084e00000|100%| O|  |TAMS 0x0000000084d00000| PB 0x0000000084d00000| Untracked 
|  12|0x0000000084e00000, 0x0000000084f00000, 0x0000000084f00000|100%| O|  |TAMS 0x0000000084e00000| PB 0x0000000084e00000| Untracked 
|  13|0x0000000084f00000, 0x0000000085000000, 0x0000000085000000|100%| O|  |TAMS 0x0000000084f00000| PB 0x0000000084f00000| Untracked 
|  14|0x0000000085000000, 0x0000000085100000, 0x0000000085100000|100%| O|  |TAMS 0x0000000085000000| PB 0x0000000085000000| Untracked 
|  15|0x0000000085100000, 0x0000000085200000, 0x0000000085200000|100%| O|  |TAMS 0x0000000085100000| PB 0x0000000085100000| Untracked 
|  16|0x0000000085200000, 0x0000000085300000, 0x0000000085300000|100%| O|  |TAMS 0x0000000085200000| PB 0x0000000085200000| Untracked 
|  17|0x0000000085300000, 0x0000000085400000, 0x0000000085400000|100%| O|  |TAMS 0x0000000085300000| PB 0x0000000085300000| Untracked 
|  18|0x0000000085400000, 0x0000000085500000, 0x0000000085500000|100%| O|  |TAMS 0x0000000085400000| PB 0x0000000085400000| Untracked 
|  19|0x0000000085500000, 0x0000000085600000, 0x0000000085600000|100%| O|  |TAMS 0x0000000085500000| PB 0x0000000085500000| Untracked 
|  20|0x0000000085600000, 0x0000000085700000, 0x0000000085700000|100%| O|  |TAMS 0x0000000085600000| PB 0x0000000085600000| Untracked 
|  21|0x0000000085700000, 0x0000000085800000, 0x0000000085800000|100%| O|  |TAMS 0x0000000085700000| PB 0x0000000085700000| Untracked 
|  22|0x0000000085800000, 0x0000000085900000, 0x0000000085900000|100%| O|  |TAMS 0x0000000085800000| PB 0x0000000085800000| Untracked 
|  23|0x0000000085900000, 0x0000000085a00000, 0x0000000085a00000|100%| O|  |TAMS 0x0000000085900000| PB 0x0000000085900000| Untracked 
|  24|0x0000000085a00000, 0x0000000085b00000, 0x0000000085b00000|100%| O|  |TAMS 0x0000000085a00000| PB 0x0000000085a00000| Untracked 
|  25|0x0000000085b00000, 0x0000000085c00000, 0x0000000085c00000|100%| O|  |TAMS 0x0000000085b00000| PB 0x0000000085b00000| Untracked 
|  26|0x0000000085c00000, 0x0000000085d00000, 0x0000000085d00000|100%| O|  |TAMS 0x0000000085c00000| PB 0x0000000085c00000| Untracked 
|  27|0x0000000085d00000, 0x0000000085e00000, 0x0000000085e00000|100%| O|  |TAMS 0x0000000085d00000| PB 0x0000000085d00000| Untracked 
|  28|0x0000000085e00000, 0x0000000085f00000, 0x0000000085f00000|100%| O|  |TAMS 0x0000000085e00000| PB 0x0000000085e00000| Untracked 
|  29|0x0000000085f00000, 0x0000000086000000, 0x0000000086000000|100%| O|  |TAMS 0x0000000085f00000| PB 0x0000000085f00000| Untracked 
|  30|0x0000000086000000, 0x00000000860f6fd8, 0x0000000086100000| 96%| O|  |TAMS 0x0000000086000000| PB 0x0000000086000000| Untracked 
|  31|0x0000000086100000, 0x0000000086100000, 0x0000000086200000|  0%| F|  |TAMS 0x0000000086100000| PB 0x0000000086100000| Untracked 
|  32|0x0000000086200000, 0x0000000086200000, 0x0000000086300000|  0%| F|  |TAMS 0x0000000086200000| PB 0x0000000086200000| Untracked 
|  33|0x0000000086300000, 0x0000000086300000, 0x0000000086400000|  0%| F|  |TAMS 0x0000000086300000| PB 0x0000000086300000| Untracked 
|  34|0x0000000086400000, 0x0000000086400000, 0x0000000086500000|  0%| F|  |TAMS 0x0000000086400000| PB 0x0000000086400000| Untracked 
|  35|0x0000000086500000, 0x0000000086500000, 0x0000000086600000|  0%| F|  |TAMS 0x0000000086500000| PB 0x0000000086500000| Untracked 
|  36|0x0000000086600000, 0x0000000086700000, 0x0000000086700000|100%| O|  |TAMS 0x0000000086600000| PB 0x0000000086600000| Untracked 
|  37|0x0000000086700000, 0x0000000086800000, 0x0000000086800000|100%| O|  |TAMS 0x0000000086700000| PB 0x0000000086700000| Untracked 
|  38|0x0000000086800000, 0x0000000086900000, 0x0000000086900000|100%| O|Cm|TAMS 0x0000000086800000| PB 0x0000000086800000| Complete 
|  39|0x0000000086900000, 0x0000000086900000, 0x0000000086a00000|  0%| F|  |TAMS 0x0000000086900000| PB 0x0000000086900000| Untracked 
|  40|0x0000000086a00000, 0x0000000086a00000, 0x0000000086b00000|  0%| F|  |TAMS 0x0000000086a00000| PB 0x0000000086a00000| Untracked 
|  41|0x0000000086b00000, 0x0000000086b00000, 0x0000000086c00000|  0%| F|  |TAMS 0x0000000086b00000| PB 0x0000000086b00000| Untracked 
|  42|0x0000000086c00000, 0x0000000086c00000, 0x0000000086d00000|  0%| F|  |TAMS 0x0000000086c00000| PB 0x0000000086c00000| Untracked 
|  43|0x0000000086d00000, 0x0000000086d00000, 0x0000000086e00000|  0%| F|  |TAMS 0x0000000086d00000| PB 0x0000000086d00000| Untracked 
|  44|0x0000000086e00000, 0x0000000086e00000, 0x0000000086f00000|  0%| F|  |TAMS 0x0000000086e00000| PB 0x0000000086e00000| Untracked 
|  45|0x0000000086f00000, 0x0000000086f00000, 0x0000000087000000|  0%| F|  |TAMS 0x0000000086f00000| PB 0x0000000086f00000| Untracked 
|  46|0x0000000087000000, 0x0000000087000000, 0x0000000087100000|  0%| F|  |TAMS 0x0000000087000000| PB 0x0000000087000000| Untracked 
|  47|0x0000000087100000, 0x0000000087100000, 0x0000000087200000|  0%| F|  |TAMS 0x0000000087100000| PB 0x0000000087100000| Untracked 
|  48|0x0000000087200000, 0x0000000087200000, 0x0000000087300000|  0%| F|  |TAMS 0x0000000087200000| PB 0x0000000087200000| Untracked 
|  49|0x0000000087300000, 0x0000000087300000, 0x0000000087400000|  0%| F|  |TAMS 0x0000000087300000| PB 0x0000000087300000| Untracked 
|  50|0x0000000087400000, 0x0000000087400000, 0x0000000087500000|  0%| F|  |TAMS 0x0000000087400000| PB 0x0000000087400000| Untracked 
|  51|0x0000000087500000, 0x0000000087500000, 0x0000000087600000|  0%| F|  |TAMS 0x0000000087500000| PB 0x0000000087500000| Untracked 
|  52|0x0000000087600000, 0x0000000087600000, 0x0000000087700000|  0%| F|  |TAMS 0x0000000087600000| PB 0x0000000087600000| Untracked 
|  53|0x0000000087700000, 0x0000000087700000, 0x0000000087800000|  0%| F|  |TAMS 0x0000000087700000| PB 0x0000000087700000| Untracked 
|  54|0x0000000087800000, 0x0000000087800000, 0x0000000087900000|  0%| F|  |TAMS 0x0000000087800000| PB 0x0000000087800000| Untracked 
|  55|0x0000000087900000, 0x0000000087900000, 0x0000000087a00000|  0%| F|  |TAMS 0x0000000087900000| PB 0x0000000087900000| Untracked 
|  56|0x0000000087a00000, 0x0000000087a00000, 0x0000000087b00000|  0%| F|  |TAMS 0x0000000087a00000| PB 0x0000000087a00000| Untracked 
|  57|0x0000000087b00000, 0x0000000087b00000, 0x0000000087c00000|  0%| F|  |TAMS 0x0000000087b00000| PB 0x0000000087b00000| Untracked 
|  58|0x0000000087c00000, 0x0000000087c00000, 0x0000000087d00000|  0%| F|  |TAMS 0x0000000087c00000| PB 0x0000000087c00000| Untracked 
|  59|0x0000000087d00000, 0x0000000087d00000, 0x0000000087e00000|  0%| F|  |TAMS 0x0000000087d00000| PB 0x0000000087d00000| Untracked 
|  60|0x0000000087e00000, 0x0000000087e00000, 0x0000000087f00000|  0%| F|  |TAMS 0x0000000087e00000| PB 0x0000000087e00000| Untracked 
|  61|0x0000000087f00000, 0x0000000087f00000, 0x0000000088000000|  0%| F|  |TAMS 0x0000000087f00000| PB 0x0000000087f00000| Untracked 
|  62|0x0000000088000000, 0x0000000088000000, 0x0000000088100000|  0%| F|  |TAMS 0x0000000088000000| PB 0x0000000088000000| Untracked 
|  63|0x0000000088100000, 0x0000000088100000, 0x0000000088200000|  0%| F|  |TAMS 0x0000000088100000| PB 0x0000000088100000| Untracked 
|  64|0x0000000088200000, 0x0000000088200000, 0x0000000088300000|  0%| F|  |TAMS 0x0000000088200000| PB 0x0000000088200000| Untracked 
|  65|0x0000000088300000, 0x0000000088300000, 0x0000000088400000|  0%| F|  |TAMS 0x0000000088300000| PB 0x0000000088300000| Untracked 
|  66|0x0000000088400000, 0x0000000088400000, 0x0000000088500000|  0%| F|  |TAMS 0x0000000088400000| PB 0x0000000088400000| Untracked 
|  67|0x0000000088500000, 0x0000000088500000, 0x0000000088600000|  0%| F|  |TAMS 0x0000000088500000| PB 0x0000000088500000| Untracked 
|  68|0x0000000088600000, 0x0000000088600000, 0x0000000088700000|  0%| F|  |TAMS 0x0000000088600000| PB 0x0000000088600000| Untracked 
|  69|0x0000000088700000, 0x00000000887e32f0, 0x0000000088800000| 88%| S|CS|TAMS 0x0000000088700000| PB 0x0000000088700000| Complete 
|  70|0x0000000088800000, 0x0000000088900000, 0x0000000088900000|100%| S|CS|TAMS 0x0000000088800000| PB 0x0000000088800000| Complete 
|  71|0x0000000088900000, 0x0000000088a00000, 0x0000000088a00000|100%| S|CS|TAMS 0x0000000088900000| PB 0x0000000088900000| Complete 
|  72|0x0000000088a00000, 0x0000000088b00000, 0x0000000088b00000|100%| S|CS|TAMS 0x0000000088a00000| PB 0x0000000088a00000| Complete 
|  73|0x0000000088b00000, 0x0000000088b00000, 0x0000000088c00000|  0%| F|  |TAMS 0x0000000088b00000| PB 0x0000000088b00000| Untracked 
|  74|0x0000000088c00000, 0x0000000088c00000, 0x0000000088d00000|  0%| F|  |TAMS 0x0000000088c00000| PB 0x0000000088c00000| Untracked 
|  75|0x0000000088d00000, 0x0000000088d00000, 0x0000000088e00000|  0%| F|  |TAMS 0x0000000088d00000| PB 0x0000000088d00000| Untracked 
|  76|0x0000000088e00000, 0x0000000088edbd70, 0x0000000088f00000| 85%| E|  |TAMS 0x0000000088e00000| PB 0x0000000088e00000| Complete 
|  77|0x0000000088f00000, 0x0000000088ffe960, 0x0000000089000000| 99%| E|  |TAMS 0x0000000088f00000| PB 0x0000000088f00000| Complete 
|  78|0x0000000089000000, 0x0000000089100000, 0x0000000089100000|100%| E|CS|TAMS 0x0000000089000000| PB 0x0000000089000000| Complete 
|  79|0x0000000089100000, 0x0000000089200000, 0x0000000089200000|100%| E|CS|TAMS 0x0000000089100000| PB 0x0000000089100000| Complete 
|  80|0x0000000089200000, 0x0000000089300000, 0x0000000089300000|100%| E|CS|TAMS 0x0000000089200000| PB 0x0000000089200000| Complete 
|  81|0x0000000089300000, 0x0000000089400000, 0x0000000089400000|100%| E|CS|TAMS 0x0000000089300000| PB 0x0000000089300000| Complete 
|  82|0x0000000089400000, 0x0000000089500000, 0x0000000089500000|100%| E|CS|TAMS 0x0000000089400000| PB 0x0000000089400000| Complete 
|  83|0x0000000089500000, 0x0000000089600000, 0x0000000089600000|100%| E|CS|TAMS 0x0000000089500000| PB 0x0000000089500000| Complete 
|  84|0x0000000089600000, 0x0000000089700000, 0x0000000089700000|100%| E|CS|TAMS 0x0000000089600000| PB 0x0000000089600000| Complete 
|  85|0x0000000089700000, 0x0000000089800000, 0x0000000089800000|100%| E|CS|TAMS 0x0000000089700000| PB 0x0000000089700000| Complete 
|  86|0x0000000089800000, 0x0000000089900000, 0x0000000089900000|100%| E|CS|TAMS 0x0000000089800000| PB 0x0000000089800000| Complete 
|  87|0x0000000089900000, 0x0000000089a00000, 0x0000000089a00000|100%| E|CS|TAMS 0x0000000089900000| PB 0x0000000089900000| Complete 
|  88|0x0000000089a00000, 0x0000000089b00000, 0x0000000089b00000|100%| E|CS|TAMS 0x0000000089a00000| PB 0x0000000089a00000| Complete 
|  89|0x0000000089b00000, 0x0000000089c00000, 0x0000000089c00000|100%| E|CS|TAMS 0x0000000089b00000| PB 0x0000000089b00000| Complete 
|  90|0x0000000089c00000, 0x0000000089d00000, 0x0000000089d00000|100%| E|CS|TAMS 0x0000000089c00000| PB 0x0000000089c00000| Complete 
|  91|0x0000000089d00000, 0x0000000089e00000, 0x0000000089e00000|100%| E|CS|TAMS 0x0000000089d00000| PB 0x0000000089d00000| Complete 
| 123|0x000000008bd00000, 0x000000008be00000, 0x000000008be00000|100%| E|CS|TAMS 0x000000008bd00000| PB 0x000000008bd00000| Complete 

Card table byte_map: [0x000002b593150000,0x000002b593530000] _byte_map_base: 0x000002b592d2f000

Marking Bits: (CMBitMap*) 0x000002b58c32d8c0
 Bits: [0x000002b593530000, 0x000002b595428000)

Polling page: 0x000002b58a140000

Metaspace:

Usage:
  Non-class:     52.34 MB used.
      Class:      8.63 MB used.
       Both:     60.97 MB used.

Virtual space:
  Non-class space:       64.00 MB reserved,      52.75 MB ( 82%) committed,  1 nodes.
      Class space:        1.00 GB reserved,       8.94 MB ( <1%) committed,  1 nodes.
             Both:        1.06 GB reserved,      61.69 MB (  6%) committed. 

Chunk freelists:
   Non-Class:  10.42 MB
       Class:  7.00 MB
        Both:  17.42 MB

MaxMetaspaceSize: unlimited
CompressedClassSpaceSize: 1.00 GB
Initial GC threshold: 21.00 MB
Current GC threshold: 98.12 MB
CDS: on
 - commit_granule_bytes: 65536.
 - commit_granule_words: 8192.
 - virtual_space_node_default_size: 8388608.
 - enlarge_chunks_in_place: 1.
 - use_allocation_guard: 0.


Internal statistics:

num_allocs_failed_limit: 9.
num_arena_births: 986.
num_arena_deaths: 0.
num_vsnodes_births: 2.
num_vsnodes_deaths: 0.
num_space_committed: 986.
num_space_uncommitted: 0.
num_chunks_returned_to_freelist: 9.
num_chunks_taken_from_freelist: 3009.
num_chunk_merges: 9.
num_chunk_splits: 2203.
num_chunks_enlarged: 1712.
num_inconsistent_stats: 0.

CodeCache: size=49152Kb used=12395Kb max_used=12395Kb free=36756Kb
 bounds [0x000002b58fc60000, 0x000002b590880000, 0x000002b592c60000]
 total_blobs=6534, nmethods=5868, adapters=586, full_count=0
Compilation: enabled, stopped_count=0, restarted_count=0

Compilation events (20 events):
Event: 11.223 Thread 0x000002b5def7bcb0 5934       1       net.bytebuddy.description.annotation.AnnotationValue$AbstractBase::<init> (5 bytes)
Event: 11.223 Thread 0x000002b597d12a80 5935       1       net.bytebuddy.description.annotation.AnnotationValue$AbstractBase::filter (12 bytes)
Event: 11.223 Thread 0x000002b5def7bcb0 nmethod 5934 0x000002b590872610 code [0x000002b5908727a0, 0x000002b590872868]
Event: 11.223 Thread 0x000002b5def7bcb0 5936       1       net.bytebuddy.description.annotation.AnnotationValue$AbstractBase::resolve (9 bytes)
Event: 11.223 Thread 0x000002b597d12a80 nmethod 5935 0x000002b590872910 code [0x000002b590872ac0, 0x000002b590872bf8]
Event: 11.223 Thread 0x000002b597d12a80 5937       1       net.bytebuddy.description.annotation.AnnotationDescription$AbstractBase::<init> (5 bytes)
Event: 11.223 Thread 0x000002b597d12a80 nmethod 5937 0x000002b590872c90 code [0x000002b590872e20, 0x000002b590872ee8]
Event: 11.223 Thread 0x000002b597d12a80 5938       1       net.bytebuddy.description.annotation.AnnotationList$ForLoadedAnnotations::get (6 bytes)
Event: 11.223 Thread 0x000002b5def7bcb0 nmethod 5936 0x000002b590872f90 code [0x000002b590873160, 0x000002b590873370]
Event: 11.223 Thread 0x000002b5def7bcb0 5939       1       net.bytebuddy.description.annotation.AnnotationList$ForLoadedAnnotations::get (17 bytes)
Event: 11.224 Thread 0x000002b597d12a80 nmethod 5938 0x000002b590873490 code [0x000002b590873660, 0x000002b590873918]
Event: 11.224 Thread 0x000002b597d12a80 5940       1       net.bytebuddy.description.annotation.AnnotationDescription$ForLoadedAnnotation::of (9 bytes)
Event: 11.224 Thread 0x000002b5def7bcb0 nmethod 5939 0x000002b590873a10 code [0x000002b590873be0, 0x000002b590873e98]
Event: 11.224 Thread 0x000002b5def7bcb0 5941       1       net.bytebuddy.description.annotation.AnnotationDescription$ForLoadedAnnotation::<init> (12 bytes)
Event: 11.224 Thread 0x000002b597d12a80 nmethod 5940 0x000002b590873f90 code [0x000002b590874140, 0x000002b590874338]
Event: 11.224 Thread 0x000002b5def7bcb0 nmethod 5941 0x000002b590874410 code [0x000002b5908745c0, 0x000002b590874760]
Event: 11.224 Thread 0x000002b5def7bcb0 5942       1       net.bytebuddy.description.annotation.AnnotationList$AbstractBase::ofType (54 bytes)
Event: 11.224 Thread 0x000002b597cd3160 nmethod 5933 0x000002b590874810 code [0x000002b590874c00, 0x000002b5908765c8]
Event: 11.224 Thread 0x000002b5df00e640 nmethod 5929 0x000002b590876f90 code [0x000002b590877560, 0x000002b5908792c0]
Event: 11.224 Thread 0x000002b5def7bcb0 nmethod 5942 0x000002b59087a690 code [0x000002b59087a8a0, 0x000002b59087aca0]

GC Heap History (20 events):
Event: 2.345 GC heap before
{Heap before GC invocations=1 (full 0):
 garbage-first heap   total 126976K, used 39168K [0x0000000084200000, 0x0000000100000000)
  region size 1024K, 28 young (28672K), 3 survivors (3072K)
 Metaspace       used 10343K, committed 10624K, reserved 1114112K
  class space    used 1294K, committed 1408K, reserved 1048576K
}
Event: 2.356 GC heap after
{Heap after GC invocations=2 (full 0):
 garbage-first heap   total 126976K, used 15266K [0x0000000084200000, 0x0000000100000000)
  region size 1024K, 4 young (4096K), 4 survivors (4096K)
 Metaspace       used 10343K, committed 10624K, reserved 1114112K
  class space    used 1294K, committed 1408K, reserved 1048576K
}
Event: 6.203 GC heap before
{Heap before GC invocations=2 (full 0):
 garbage-first heap   total 126976K, used 61346K [0x0000000084200000, 0x0000000100000000)
  region size 1024K, 51 young (52224K), 4 survivors (4096K)
 Metaspace       used 21124K, committed 21504K, reserved 1114112K
  class space    used 2760K, committed 2944K, reserved 1048576K
}
Event: 6.212 GC heap after
{Heap after GC invocations=3 (full 0):
 garbage-first heap   total 126976K, used 18850K [0x0000000084200000, 0x0000000100000000)
  region size 1024K, 8 young (8192K), 8 survivors (8192K)
 Metaspace       used 21124K, committed 21504K, reserved 1114112K
  class space    used 2760K, committed 2944K, reserved 1048576K
}
Event: 6.854 GC heap before
{Heap before GC invocations=4 (full 0):
 garbage-first heap   total 65536K, used 48546K [0x0000000084200000, 0x0000000100000000)
  region size 1024K, 38 young (38912K), 8 survivors (8192K)
 Metaspace       used 27296K, committed 27648K, reserved 1114112K
  class space    used 3762K, committed 3904K, reserved 1048576K
}
Event: 6.865 GC heap after
{Heap after GC invocations=5 (full 0):
 garbage-first heap   total 65536K, used 20898K [0x0000000084200000, 0x0000000100000000)
  region size 1024K, 3 young (3072K), 3 survivors (3072K)
 Metaspace       used 27296K, committed 27648K, reserved 1114112K
  class space    used 3762K, committed 3904K, reserved 1048576K
}
Event: 7.290 GC heap before
{Heap before GC invocations=5 (full 0):
 garbage-first heap   total 65536K, used 49570K [0x0000000084200000, 0x0000000100000000)
  region size 1024K, 32 young (32768K), 3 survivors (3072K)
 Metaspace       used 29664K, committed 30208K, reserved 1114112K
  class space    used 4042K, committed 4288K, reserved 1048576K
}
Event: 7.299 GC heap after
{Heap after GC invocations=6 (full 0):
 garbage-first heap   total 65536K, used 24915K [0x0000000084200000, 0x0000000100000000)
  region size 1024K, 4 young (4096K), 4 survivors (4096K)
 Metaspace       used 29664K, committed 30208K, reserved 1114112K
  class space    used 4042K, committed 4288K, reserved 1048576K
}
Event: 7.663 GC heap before
{Heap before GC invocations=6 (full 0):
 garbage-first heap   total 65536K, used 51539K [0x0000000084200000, 0x0000000100000000)
  region size 1024K, 30 young (30720K), 4 survivors (4096K)
 Metaspace       used 31981K, committed 32512K, reserved 1114112K
  class space    used 4359K, committed 4608K, reserved 1048576K
}
Event: 7.670 GC heap after
{Heap after GC invocations=7 (full 0):
 garbage-first heap   total 78848K, used 26953K [0x0000000084200000, 0x0000000100000000)
  region size 1024K, 3 young (3072K), 3 survivors (3072K)
 Metaspace       used 31981K, committed 32512K, reserved 1114112K
  class space    used 4359K, committed 4608K, reserved 1048576K
}
Event: 8.159 GC heap before
{Heap before GC invocations=7 (full 0):
 garbage-first heap   total 78848K, used 54601K [0x0000000084200000, 0x0000000100000000)
  region size 1024K, 32 young (32768K), 3 survivors (3072K)
 Metaspace       used 35438K, committed 35968K, reserved 1114112K
  class space    used 4972K, committed 5248K, reserved 1048576K
}
Event: 8.165 GC heap after
{Heap after GC invocations=8 (full 0):
 garbage-first heap   total 78848K, used 28592K [0x0000000084200000, 0x0000000100000000)
  region size 1024K, 4 young (4096K), 4 survivors (4096K)
 Metaspace       used 35438K, committed 35968K, reserved 1114112K
  class space    used 4972K, committed 5248K, reserved 1048576K
}
Event: 8.820 GC heap before
{Heap before GC invocations=9 (full 0):
 garbage-first heap   total 78848K, used 66480K [0x0000000084200000, 0x0000000100000000)
  region size 1024K, 41 young (41984K), 4 survivors (4096K)
 Metaspace       used 40104K, committed 40640K, reserved 1114112K
  class space    used 5722K, committed 5952K, reserved 1048576K
}
Event: 8.831 GC heap after
{Heap after GC invocations=10 (full 0):
 garbage-first heap   total 78848K, used 32256K [0x0000000084200000, 0x0000000100000000)
  region size 1024K, 6 young (6144K), 6 survivors (6144K)
 Metaspace       used 40104K, committed 40640K, reserved 1114112K
  class space    used 5722K, committed 5952K, reserved 1048576K
}
Event: 9.487 GC heap before
{Heap before GC invocations=10 (full 0):
 garbage-first heap   total 78848K, used 67072K [0x0000000084200000, 0x0000000100000000)
  region size 1024K, 40 young (40960K), 6 survivors (6144K)
 Metaspace       used 45873K, committed 46528K, reserved 1114112K
  class space    used 6471K, committed 6784K, reserved 1048576K
}
Event: 9.498 GC heap after
{Heap after GC invocations=11 (full 0):
 garbage-first heap   total 78848K, used 34938K [0x0000000084200000, 0x0000000100000000)
  region size 1024K, 4 young (4096K), 4 survivors (4096K)
 Metaspace       used 45873K, committed 46528K, reserved 1114112K
  class space    used 6471K, committed 6784K, reserved 1048576K
}
Event: 10.183 GC heap before
{Heap before GC invocations=11 (full 0):
 garbage-first heap   total 78848K, used 67706K [0x0000000084200000, 0x0000000100000000)
  region size 1024K, 36 young (36864K), 4 survivors (4096K)
 Metaspace       used 53140K, committed 53824K, reserved 1114112K
  class space    used 7631K, committed 7936K, reserved 1048576K
}
Event: 10.188 GC heap after
{Heap after GC invocations=12 (full 0):
 garbage-first heap   total 95232K, used 37003K [0x0000000084200000, 0x0000000100000000)
  region size 1024K, 3 young (3072K), 3 survivors (3072K)
 Metaspace       used 53140K, committed 53824K, reserved 1114112K
  class space    used 7631K, committed 7936K, reserved 1048576K
}
Event: 10.870 GC heap before
{Heap before GC invocations=12 (full 0):
 garbage-first heap   total 95232K, used 56459K [0x0000000084200000, 0x0000000100000000)
  region size 1024K, 23 young (23552K), 3 survivors (3072K)
 Metaspace       used 59371K, committed 60096K, reserved 1114112K
  class space    used 8396K, committed 8704K, reserved 1048576K
}
Event: 10.874 GC heap after
{Heap after GC invocations=13 (full 0):
 garbage-first heap   total 95232K, used 38760K [0x0000000084200000, 0x0000000100000000)
  region size 1024K, 4 young (4096K), 4 survivors (4096K)
 Metaspace       used 59371K, committed 60096K, reserved 1114112K
  class space    used 8396K, committed 8704K, reserved 1048576K
}

Dll operation events (10 events):
Event: 0.027 Loaded shared library D:\SDET\eclipse-java-2025-12-R-win32-x86_64\eclipse\plugins\org.eclipse.justj.openjdk.hotspot.jre.full.win32.x86_64_21.0.9.v20251105-0741\jre\bin\java.dll
Event: 0.192 Loaded shared library D:\SDET\eclipse-java-2025-12-R-win32-x86_64\eclipse\plugins\org.eclipse.justj.openjdk.hotspot.jre.full.win32.x86_64_21.0.9.v20251105-0741\jre\bin\zip.dll
Event: 0.303 Loaded shared library D:\SDET\eclipse-java-2025-12-R-win32-x86_64\eclipse\plugins\org.eclipse.justj.openjdk.hotspot.jre.full.win32.x86_64_21.0.9.v20251105-0741\jre\bin\jimage.dll
Event: 0.318 Loaded shared library D:\SDET\eclipse-java-2025-12-R-win32-x86_64\eclipse\plugins\org.eclipse.justj.openjdk.hotspot.jre.full.win32.x86_64_21.0.9.v20251105-0741\jre\bin\net.dll
Event: 0.325 Loaded shared library D:\SDET\eclipse-java-2025-12-R-win32-x86_64\eclipse\plugins\org.eclipse.justj.openjdk.hotspot.jre.full.win32.x86_64_21.0.9.v20251105-0741\jre\bin\nio.dll
Event: 0.327 Loaded shared library D:\SDET\eclipse-java-2025-12-R-win32-x86_64\eclipse\plugins\org.eclipse.justj.openjdk.hotspot.jre.full.win32.x86_64_21.0.9.v20251105-0741\jre\bin\zip.dll
Event: 0.469 Loaded shared library D:\SDET\eclipse-java-2025-12-R-win32-x86_64\eclipse\plugins\org.eclipse.justj.openjdk.hotspot.jre.full.win32.x86_64_21.0.9.v20251105-0741\jre\bin\management.dll
Event: 0.596 Loaded shared library D:\SDET\eclipse-java-2025-12-R-win32-x86_64\eclipse\plugins\org.eclipse.justj.openjdk.hotspot.jre.full.win32.x86_64_21.0.9.v20251105-0741\jre\bin\management_ext.dll
Event: 1.554 Loaded shared library D:\SDET\eclipse-java-2025-12-R-win32-x86_64\eclipse\plugins\org.eclipse.justj.openjdk.hotspot.jre.full.win32.x86_64_21.0.9.v20251105-0741\jre\bin\extnet.dll
Event: 6.636 Loaded shared library D:\SDET\eclipse-java-2025-12-R-win32-x86_64\eclipse\plugins\org.eclipse.justj.openjdk.hotspot.jre.full.win32.x86_64_21.0.9.v20251105-0741\jre\bin\sunmscapi.dll

Deoptimization events (0 events):
No events

Classes loaded (20 events):
Event: 10.665 Loading class java/util/concurrent/ThreadPoolExecutor$CallerRunsPolicy
Event: 10.665 Loading class java/util/concurrent/ThreadPoolExecutor$CallerRunsPolicy done
Event: 10.665 Loading class java/util/concurrent/atomic/AtomicReferenceFieldUpdater
Event: 10.666 Loading class java/util/concurrent/atomic/AtomicReferenceFieldUpdater done
Event: 10.666 Loading class java/util/concurrent/atomic/AtomicReferenceFieldUpdater$AtomicReferenceFieldUpdaterImpl
Event: 10.666 Loading class java/util/concurrent/atomic/AtomicReferenceFieldUpdater$AtomicReferenceFieldUpdaterImpl done
Event: 10.666 Loading class java/util/concurrent/atomic/AtomicReferenceFieldUpdater$AtomicReferenceFieldUpdaterImpl$1
Event: 10.666 Loading class java/util/concurrent/atomic/AtomicReferenceFieldUpdater$AtomicReferenceFieldUpdaterImpl$1 done
Event: 10.673 Loading class java/util/TimerTask
Event: 10.674 Loading class java/util/TimerTask done
Event: 10.832 Loading class java/util/regex/Pattern$1MatcherIterator
Event: 10.832 Loading class java/util/regex/Pattern$1MatcherIterator done
Event: 10.876 Loading class java/io/CharArrayWriter
Event: 10.876 Loading class java/io/CharArrayWriter done
Event: 10.877 Loading class java/lang/StringIndexOutOfBoundsException
Event: 10.877 Loading class java/lang/StringIndexOutOfBoundsException done
Event: 10.905 Loading class jdk/internal/reflect/MethodHandleIntegerFieldAccessorImpl
Event: 10.905 Loading class jdk/internal/reflect/MethodHandleIntegerFieldAccessorImpl done
Event: 11.154 Loading class jdk/internal/ValueBased
Event: 11.154 Loading class jdk/internal/ValueBased done

Classes unloaded (0 events):
No events

Classes redefined (0 events):
No events

Internal exceptions (20 events):
Event: 9.049 Thread 0x000002b58c2d32a0 Exception <a 'java/lang/NoSuchMethodError'{0x00000000886b4a48}: 'java.lang.Object java.lang.invoke.DirectMethodHandle$Holder.newInvokeSpecial(java.lang.Object, java.lang.Object, int)'> (0x00000000886b4a48) 
thrown [s\src\hotspot\share\interpreter\linkResolver.cpp, line 773]
Event: 9.082 Thread 0x000002b58c2d32a0 Exception <a 'sun/nio/fs/WindowsException'{0x0000000088545be0}> (0x0000000088545be0) 
thrown [s\src\hotspot\share\prims\jni.cpp, line 520]
Event: 9.256 Thread 0x000002b58c2d32a0 Exception <a 'java/lang/NoSuchMethodError'{0x0000000087ae0328}: 'java.lang.Object java.lang.invoke.DirectMethodHandle$Holder.invokeVirtual(java.lang.Object, java.lang.Object, java.lang.Object, java.lang.Object, java.lang.Object, java.lang.Object, java.lang.Object, java.lang.Object)'> (0x0000000087ae0328) 
thrown [s\src\hotspot\share\interpreter\linkResolver.cpp, line 773]
Event: 9.300 Thread 0x000002b58c2d32a0 Exception <a 'java/lang/NoSuchMethodError'{0x000000008772c3b8}: 'java.lang.Object java.lang.invoke.DirectMethodHandle$Holder.invokeStaticInit(java.lang.Object, java.lang.Object, java.lang.Object, java.lang.Object)'> (0x000000008772c3b8) 
thrown [s\src\hotspot\share\interpreter\linkResolver.cpp, line 773]
Event: 9.300 Thread 0x000002b58c2d32a0 Exception <a 'java/lang/IncompatibleClassChangeError'{0x000000008773ca10}: Found class java.lang.Object, but interface was expected> (0x000000008773ca10) 
thrown [s\src\hotspot\share\interpreter\linkResolver.cpp, line 840]
Event: 9.301 Thread 0x000002b58c2d32a0 Exception <a 'java/lang/IncompatibleClassChangeError'{0x0000000087748ad0}: Found class java.lang.Object, but interface was expected> (0x0000000087748ad0) 
thrown [s\src\hotspot\share\interpreter\linkResolver.cpp, line 840]
Event: 9.303 Thread 0x000002b58c2d32a0 Exception <a 'java/lang/IncompatibleClassChangeError'{0x0000000087771938}: Found class java.lang.Object, but interface was expected> (0x0000000087771938) 
thrown [s\src\hotspot\share\interpreter\linkResolver.cpp, line 840]
Event: 9.360 Thread 0x000002b58c2d32a0 Exception <a 'java/lang/NoSuchMethodError'{0x000000008737b9c0}: 'void java.lang.invoke.DirectMethodHandle$Holder.invokeInterface(java.lang.Object, java.lang.Object, int, java.lang.Object)'> (0x000000008737b9c0) 
thrown [s\src\hotspot\share\interpreter\linkResolver.cpp, line 773]
Event: 9.360 Thread 0x000002b58c2d32a0 Exception <a 'java/lang/NoSuchMethodError'{0x000000008737f630}: 'void java.lang.invoke.DelegatingMethodHandle$Holder.reinvoke_L(java.lang.Object, java.lang.Object, int, java.lang.Object)'> (0x000000008737f630) 
thrown [s\src\hotspot\share\interpreter\linkResolver.cpp, line 773]
Event: 9.373 Thread 0x000002b58c2d32a0 Exception <a 'java/lang/NoSuchMethodError'{0x00000000873f4460}: 'int java.lang.invoke.DirectMethodHandle$Holder.invokeStaticInit(java.lang.Object, int, java.lang.Object, java.lang.Object, java.lang.Object, java.lang.Object)'> (0x00000000873f4460) 
thrown [s\src\hotspot\share\interpreter\linkResolver.cpp, line 773]
Event: 9.400 Thread 0x000002b58c2d32a0 Exception <a 'java/lang/NoSuchMethodError'{0x0000000087179098}: 'java.lang.Object java.lang.invoke.Invokers$Holder.invoker(java.lang.Object, java.lang.Object, java.lang.Object, java.lang.Object, java.lang.Object, java.lang.Object, java.lang.Object, java.lang.Object, java.lang.Object, java.lang.Object, java.lang.Object, java.lang.Object, java.lang.Object, java.lang.Object)'> (0x0000000087179098) 
thrown [s\src\hotspot\share\interpreter\linkResolver.cpp, line 773]
Event: 9.401 Thread 0x000002b58c2d32a0 Exception <a 'java/lang/NoSuchMethodError'{0x0000000087183748}: 'java.lang.Object java.lang.invoke.DelegatingMethodHandle$Holder.delegate(java.lang.Object, java.lang.Object, java.lang.Object, java.lang.Object, java.lang.Object, java.lang.Object, java.lang.Object, java.lang.Object, java.lang.Object, java.lang.Object, java.lang.Object, java.lang.Object, java.lang.Object, java.lang.Object)'> (0x0000000087183748) 
thrown [s\src\hotspot\share\interpreter\linkResolver.cpp, line 773]
Event: 9.442 Thread 0x000002b58c2d32a0 Exception <a 'java/lang/NoSuchMethodError'{0x0000000086f6a680}: 'java.lang.Object java.lang.invoke.DirectMethodHandle$Holder.invokeStatic(java.lang.Object, java.lang.Object, int, java.lang.Object)'> (0x0000000086f6a680) 
thrown [s\src\hotspot\share\interpreter\linkResolver.cpp, line 773]
Event: 9.452 Thread 0x000002b58c2d32a0 Exception <a 'java/lang/NoSuchMethodError'{0x0000000086fbee50}: 'void java.lang.invoke.Invokers$Holder.invokeExact_MT(java.lang.Object, java.lang.Object, java.lang.Object)'> (0x0000000086fbee50) 
thrown [s\src\hotspot\share\interpreter\linkResolver.cpp, line 773]
Event: 9.522 Thread 0x000002b58c2d32a0 Exception <a 'java/lang/NoSuchMethodError'{0x0000000088d91290}: 'long java.lang.invoke.DirectMethodHandle$Holder.invokeVirtual(java.lang.Object, java.lang.Object)'> (0x0000000088d91290) 
thrown [s\src\hotspot\share\interpreter\linkResolver.cpp, line 773]
Event: 9.558 Thread 0x000002b58c2d32a0 Exception <a 'java/lang/NoSuchMethodError'{0x0000000088ced610}: 'void java.lang.invoke.DirectMethodHandle$Holder.invokeVirtual(java.lang.Object, java.lang.Object, long)'> (0x0000000088ced610) 
thrown [s\src\hotspot\share\interpreter\linkResolver.cpp, line 773]
Event: 9.603 Thread 0x000002b58c2d32a0 Exception <a 'java/lang/NoSuchMethodError'{0x00000000889a60c8}: 'java.lang.Object java.lang.invoke.DirectMethodHandle$Holder.newInvokeSpecial(java.lang.Object, java.lang.Object, java.lang.Object, java.lang.Object, java.lang.Object, java.lang.Object, java.lang.Object, java.lang.Object, java.lang.Object, java.lang.Object, java.lang.Object, java.lang.Object)'> (0x00000000889a60c8) 
thrown [s\src\hotspot\share\interpreter\linkResolver.cpp, line 773]
Event: 9.604 Thread 0x000002b58c2d32a0 Exception <a 'java/lang/NoSuchMethodError'{0x00000000889aaee8}: 'java.lang.Object java.lang.invoke.DirectMethodHandle$Holder.invokeSpecial(java.lang.Object, java.lang.Object, java.lang.Object, java.lang.Object, java.lang.Object, java.lang.Object, java.lang.Object, java.lang.Object, java.lang.Object, java.lang.Object, java.lang.Object, java.lang.Object, java.lang.Object)'> (0x00000000889aaee8) 
thrown [s\src\hotspot\share\interpreter\linkResolver.cpp, line 773]
Event: 9.686 Thread 0x000002b58c2d32a0 Exception <a 'java/lang/NoSuchMethodError'{0x000000008851df58}: 'void java.lang.invoke.DelegatingMethodHandle$Holder.reinvoke_L(java.lang.Object, java.lang.Object, java.lang.Object, java.lang.Object, int, java.lang.Object, java.lang.Object, java.lang.Object)'> (0x000000008851df58) 
thrown [s\src\hotspot\share\interpreter\linkResolver.cpp, line 773]
Event: 10.905 Thread 0x000002b58c2d32a0 Exception <a 'java/lang/NoSuchMethodError'{0x0000000089d3def8}: 'int java.lang.invoke.Invokers$Holder.invokeExact_MT(java.lang.Object, java.lang.Object)'> (0x0000000089d3def8) 
thrown [s\src\hotspot\share\interpreter\linkResolver.cpp, line 773]

ZGC Phase Switch (0 events):
No events

VM Operations (20 events):
Event: 9.410 Executing VM operation: HandshakeAllThreads (Deoptimize)
Event: 9.410 Executing VM operation: HandshakeAllThreads (Deoptimize) done
Event: 9.486 Executing VM operation: HandshakeAllThreads (Deoptimize)
Event: 9.486 Executing VM operation: HandshakeAllThreads (Deoptimize) done
Event: 9.487 Executing VM operation: G1CollectForAllocation (G1 Evacuation Pause)
Event: 9.498 Executing VM operation: G1CollectForAllocation (G1 Evacuation Pause) done
Event: 9.530 Executing VM operation: HandshakeAllThreads (Deoptimize)
Event: 9.530 Executing VM operation: HandshakeAllThreads (Deoptimize) done
Event: 9.755 Executing VM operation: HandshakeAllThreads (Deoptimize)
Event: 9.755 Executing VM operation: HandshakeAllThreads (Deoptimize) done
Event: 10.183 Executing VM operation: G1CollectForAllocation (G1 Evacuation Pause)
Event: 10.188 Executing VM operation: G1CollectForAllocation (G1 Evacuation Pause) done
Event: 10.436 Executing VM operation: HandshakeAllThreads (Deoptimize)
Event: 10.436 Executing VM operation: HandshakeAllThreads (Deoptimize) done
Event: 10.870 Executing VM operation: CollectForMetadataAllocation (Metadata GC Threshold)
Event: 10.874 Executing VM operation: CollectForMetadataAllocation (Metadata GC Threshold) done
Event: 10.911 Executing VM operation: G1PauseRemark
Event: 10.916 Executing VM operation: G1PauseRemark done
Event: 10.929 Executing VM operation: G1PauseCleanup
Event: 10.929 Executing VM operation: G1PauseCleanup done

Memory protections (0 events):
No events

Nmethod flushes (20 events):
Event: 10.915 Thread 0x000002b597ce1ea0 flushing  nmethod 0x000002b590448e10
Event: 10.915 Thread 0x000002b597ce1ea0 flushing  nmethod 0x000002b58fff4c10
Event: 10.915 Thread 0x000002b597ce1ea0 flushing  nmethod 0x000002b590401a90
Event: 10.915 Thread 0x000002b597ce1ea0 flushing  nmethod 0x000002b59043b690
Event: 10.915 Thread 0x000002b597ce1ea0 flushing  nmethod 0x000002b5905e1d90
Event: 10.915 Thread 0x000002b597ce1ea0 flushing  nmethod 0x000002b590014a10
Event: 10.915 Thread 0x000002b597ce1ea0 flushing  nmethod 0x000002b5902a5810
Event: 10.915 Thread 0x000002b597ce1ea0 flushing  nmethod 0x000002b5903cd310
Event: 10.915 Thread 0x000002b597ce1ea0 flushing  nmethod 0x000002b590413810
Event: 10.915 Thread 0x000002b597ce1ea0 flushing  nmethod 0x000002b5903f7190
Event: 10.915 Thread 0x000002b597ce1ea0 flushing  nmethod 0x000002b590429010
Event: 10.915 Thread 0x000002b597ce1ea0 flushing  nmethod 0x000002b59042c090
Event: 10.915 Thread 0x000002b597ce1ea0 flushing  nmethod 0x000002b58feb0710
Event: 10.915 Thread 0x000002b597ce1ea0 flushing  nmethod 0x000002b590232c90
Event: 10.915 Thread 0x000002b597ce1ea0 flushing  nmethod 0x000002b590293b90
Event: 10.915 Thread 0x000002b597ce1ea0 flushing  nmethod 0x000002b59037d510
Event: 10.915 Thread 0x000002b597ce1ea0 flushing  nmethod 0x000002b5903eaf10
Event: 10.915 Thread 0x000002b597ce1ea0 flushing  nmethod 0x000002b59027d590
Event: 10.915 Thread 0x000002b597ce1ea0 flushing  nmethod 0x000002b5903b9b10
Event: 10.915 Thread 0x000002b597ce1ea0 flushing  nmethod 0x000002b590421610

Events (20 events):
Event: 1.708 Thread 0x000002b597d06de0 Thread added: 0x000002b5dd9474d0
Event: 1.741 Thread 0x000002b5dd9474d0 Thread added: 0x000002b5dd947b60
Event: 4.807 Thread 0x000002b5dd8249b0 Thread exited: 0x000002b5dd8249b0
Event: 4.807 Thread 0x000002b5dd158d10 Thread exited: 0x000002b5dd158d10
Event: 4.982 Thread 0x000002b58c2d32a0 Thread added: 0x000002b5dd9481f0
Event: 6.152 Thread 0x000002b58c2d32a0 Thread added: 0x000002b5dd948880
Event: 6.156 Thread 0x000002b5dd948880 Thread exited: 0x000002b5dd948880
Event: 6.258 Thread 0x000002b58c2d32a0 Thread added: 0x000002b5dd948880
Event: 6.650 Thread 0x000002b5dd948880 Thread exited: 0x000002b5dd948880
Event: 6.889 Thread 0x000002b58c2d32a0 Thread added: 0x000002b5dd948880
Event: 6.961 Thread 0x000002b5dd948880 Thread exited: 0x000002b5dd948880
Event: 7.622 Thread 0x000002b597cd3160 Thread added: 0x000002b5df00e640
Event: 7.622 Thread 0x000002b597cd3160 Thread added: 0x000002b5def7bcb0
Event: 9.210 Thread 0x000002b58c2d32a0 Thread added: 0x000002b5dd948880
Event: 9.539 Thread 0x000002b58c2d32a0 Thread added: 0x000002b5dd949c30
Event: 9.540 Thread 0x000002b5dd949c30 Thread added: 0x000002b5dd94a2c0
Event: 9.544 Thread 0x000002b58c2d32a0 Thread added: 0x000002b5dd948f10
Event: 9.585 Thread 0x000002b58c2d32a0 Thread added: 0x000002b5df70ea00
Event: 10.664 Thread 0x000002b58c2d32a0 Thread added: 0x000002b5df70d650
Event: 10.767 Thread 0x000002b5df70d650 Thread added: 0x000002b5df710440


Dynamic libraries:
0x00007ff7c6060000 - 0x00007ff7c606e000 	D:\SDET\eclipse-java-2025-12-R-win32-x86_64\eclipse\plugins\org.eclipse.justj.openjdk.hotspot.jre.full.win32.x86_64_21.0.9.v20251105-0741\jre\bin\javaw.exe
0x00007ff993060000 - 0x00007ff9932c7000 	C:\WINDOWS\SYSTEM32\ntdll.dll
0x00007ff992320000 - 0x00007ff9923e9000 	C:\WINDOWS\System32\KERNEL32.DLL
0x00007ff990330000 - 0x00007ff990721000 	C:\WINDOWS\System32\KERNELBASE.dll
0x00007ff990c00000 - 0x00007ff990d4b000 	C:\WINDOWS\System32\ucrtbase.dll
0x00007ff981370000 - 0x00007ff981388000 	D:\SDET\eclipse-java-2025-12-R-win32-x86_64\eclipse\plugins\org.eclipse.justj.openjdk.hotspot.jre.full.win32.x86_64_21.0.9.v20251105-0741\jre\bin\jli.dll
0x00007ff97b1c0000 - 0x00007ff97b1de000 	D:\SDET\eclipse-java-2025-12-R-win32-x86_64\eclipse\plugins\org.eclipse.justj.openjdk.hotspot.jre.full.win32.x86_64_21.0.9.v20251105-0741\jre\bin\VCRUNTIME140.dll
0x00007ff990e00000 - 0x00007ff990fc5000 	C:\WINDOWS\System32\USER32.dll
0x00007ff9901b0000 - 0x00007ff9901d7000 	C:\WINDOWS\System32\win32u.dll
0x00007ff96a2d0000 - 0x00007ff96a563000 	C:\WINDOWS\WinSxS\amd64_microsoft.windows.common-controls_6595b64144ccf1df_6.0.26100.8037_none_3e092faae333b53b\COMCTL32.dll
0x00007ff991360000 - 0x00007ff99138b000 	C:\WINDOWS\System32\GDI32.dll
0x00007ff992ee0000 - 0x00007ff992f89000 	C:\WINDOWS\System32\msvcrt.dll
0x00007ff990950000 - 0x00007ff990a7b000 	C:\WINDOWS\System32\gdi32full.dll
0x00007ff990d50000 - 0x00007ff990df3000 	C:\WINDOWS\System32\msvcp_win.dll
0x00007ff9914c0000 - 0x00007ff9914f1000 	C:\WINDOWS\System32\IMM32.DLL
0x00007ff97b200000 - 0x00007ff97b20c000 	D:\SDET\eclipse-java-2025-12-R-win32-x86_64\eclipse\plugins\org.eclipse.justj.openjdk.hotspot.jre.full.win32.x86_64_21.0.9.v20251105-0741\jre\bin\vcruntime140_1.dll
0x00007ff945250000 - 0x00007ff9452dd000 	D:\SDET\eclipse-java-2025-12-R-win32-x86_64\eclipse\plugins\org.eclipse.justj.openjdk.hotspot.jre.full.win32.x86_64_21.0.9.v20251105-0741\jre\bin\msvcp140.dll
0x00007ff9074a0000 - 0x00007ff908240000 	D:\SDET\eclipse-java-2025-12-R-win32-x86_64\eclipse\plugins\org.eclipse.justj.openjdk.hotspot.jre.full.win32.x86_64_21.0.9.v20251105-0741\jre\bin\server\jvm.dll
0x00007ff991500000 - 0x00007ff9915bb000 	C:\WINDOWS\System32\ADVAPI32.dll
0x00007ff991400000 - 0x00007ff9914a7000 	C:\WINDOWS\System32\sechost.dll
0x00007ff992650000 - 0x00007ff992768000 	C:\WINDOWS\System32\RPCRT4.dll
0x00007ff992140000 - 0x00007ff9921b4000 	C:\WINDOWS\System32\WS2_32.dll
0x00007ff98f7a0000 - 0x00007ff98f7fe000 	C:\WINDOWS\SYSTEM32\POWRPROF.dll
0x00007ff980d70000 - 0x00007ff980d7b000 	C:\WINDOWS\SYSTEM32\VERSION.dll
0x00007ff989c00000 - 0x00007ff989c35000 	C:\WINDOWS\SYSTEM32\WINMM.dll
0x00007ff98f780000 - 0x00007ff98f794000 	C:\WINDOWS\SYSTEM32\UMPDC.dll
0x00007ff98e6d0000 - 0x00007ff98e6eb000 	C:\WINDOWS\SYSTEM32\kernel.appcore.dll
0x00007ff987ce0000 - 0x00007ff987cea000 	D:\SDET\eclipse-java-2025-12-R-win32-x86_64\eclipse\plugins\org.eclipse.justj.openjdk.hotspot.jre.full.win32.x86_64_21.0.9.v20251105-0741\jre\bin\jimage.dll
0x00007ff98d610000 - 0x00007ff98d852000 	C:\WINDOWS\SYSTEM32\DBGHELP.DLL
0x00007ff990fd0000 - 0x00007ff991352000 	C:\WINDOWS\System32\combase.dll
0x00007ff992240000 - 0x00007ff992317000 	C:\WINDOWS\System32\OLEAUT32.dll
0x00007ff968680000 - 0x00007ff9686bb000 	C:\WINDOWS\SYSTEM32\dbgcore.DLL
0x00007ff9908a0000 - 0x00007ff990945000 	C:\WINDOWS\System32\bcryptPrimitives.dll
0x00007ff9813b0000 - 0x00007ff9813d0000 	D:\SDET\eclipse-java-2025-12-R-win32-x86_64\eclipse\plugins\org.eclipse.justj.openjdk.hotspot.jre.full.win32.x86_64_21.0.9.v20251105-0741\jre\bin\java.dll
0x00007ff991800000 - 0x00007ff991f5f000 	C:\WINDOWS\System32\SHELL32.dll
0x00007ff990730000 - 0x00007ff99089a000 	C:\WINDOWS\System32\wintypes.dll
0x00007ff98f940000 - 0x00007ff9901a4000 	C:\WINDOWS\System32\windows.storage.dll
0x00007ff992550000 - 0x00007ff992647000 	C:\WINDOWS\System32\SHCORE.dll
0x00007ff991390000 - 0x00007ff9913f7000 	C:\WINDOWS\System32\shlwapi.dll
0x00007ff98f860000 - 0x00007ff98f889000 	C:\WINDOWS\SYSTEM32\profapi.dll
0x00007ff9812f0000 - 0x00007ff981308000 	D:\SDET\eclipse-java-2025-12-R-win32-x86_64\eclipse\plugins\org.eclipse.justj.openjdk.hotspot.jre.full.win32.x86_64_21.0.9.v20251105-0741\jre\bin\zip.dll
0x00007ff981520000 - 0x00007ff981530000 	D:\SDET\eclipse-java-2025-12-R-win32-x86_64\eclipse\plugins\org.eclipse.justj.openjdk.hotspot.jre.full.win32.x86_64_21.0.9.v20251105-0741\jre\bin\net.dll
0x00007ff989ab0000 - 0x00007ff989bd7000 	C:\WINDOWS\SYSTEM32\WINHTTP.dll
0x00007ff98ec40000 - 0x00007ff98ecab000 	C:\WINDOWS\system32\mswsock.dll
0x00007ff981230000 - 0x00007ff981246000 	D:\SDET\eclipse-java-2025-12-R-win32-x86_64\eclipse\plugins\org.eclipse.justj.openjdk.hotspot.jre.full.win32.x86_64_21.0.9.v20251105-0741\jre\bin\nio.dll
0x00007ff97a5b0000 - 0x00007ff97a5ba000 	D:\SDET\eclipse-java-2025-12-R-win32-x86_64\eclipse\plugins\org.eclipse.justj.openjdk.hotspot.jre.full.win32.x86_64_21.0.9.v20251105-0741\jre\bin\management.dll
0x00007ff97a3a0000 - 0x00007ff97a3ac000 	D:\SDET\eclipse-java-2025-12-R-win32-x86_64\eclipse\plugins\org.eclipse.justj.openjdk.hotspot.jre.full.win32.x86_64_21.0.9.v20251105-0741\jre\bin\management_ext.dll
0x00007ff9928c0000 - 0x00007ff9928c8000 	C:\WINDOWS\System32\PSAPI.DLL
0x00007ff960700000 - 0x00007ff960718000 	C:\WINDOWS\system32\napinsp.dll
0x00007ff98e130000 - 0x00007ff98e25a000 	C:\WINDOWS\SYSTEM32\DNSAPI.dll
0x00007ff98e0a0000 - 0x00007ff98e0d3000 	C:\WINDOWS\SYSTEM32\IPHLPAPI.DLL
0x00007ff992fc0000 - 0x00007ff992fca000 	C:\WINDOWS\System32\NSI.dll
0x00007ff9606e0000 - 0x00007ff9606f2000 	C:\WINDOWS\System32\winrnr.dll
0x00007ff95ece0000 - 0x00007ff95ed02000 	C:\WINDOWS\system32\nlansp_c.dll
0x00007ff95ecc0000 - 0x00007ff95ecd6000 	C:\WINDOWS\system32\wshbth.dll
0x0000000016080000 - 0x0000000016102000 	C:\WINDOWS\system32\vFVPNActNsp.dll
0x0000000016000000 - 0x0000000016024000 	C:\WINDOWS\SYSTEM32\vFVPNNspSd.dll
0x00007ff986d20000 - 0x00007ff986d2b000 	C:\Windows\System32\rasadhlp.dll
0x00007ff98a300000 - 0x00007ff98a386000 	C:\WINDOWS\System32\fwpuclnt.dll
0x00007ff98ef20000 - 0x00007ff98ef3b000 	C:\WINDOWS\SYSTEM32\CRYPTSP.dll
0x00007ff98e630000 - 0x00007ff98e669000 	C:\WINDOWS\system32\rsaenh.dll
0x00007ff98ecf0000 - 0x00007ff98ed22000 	C:\WINDOWS\SYSTEM32\USERENV.dll
0x00007ff98f830000 - 0x00007ff98f85a000 	C:\WINDOWS\SYSTEM32\bcrypt.dll
0x00007ff98ef40000 - 0x00007ff98ef4c000 	C:\WINDOWS\SYSTEM32\CRYPTBASE.dll
0x00007ff97e1f0000 - 0x00007ff97e1f9000 	D:\SDET\eclipse-java-2025-12-R-win32-x86_64\eclipse\plugins\org.eclipse.justj.openjdk.hotspot.jre.full.win32.x86_64_21.0.9.v20251105-0741\jre\bin\extnet.dll
0x00007ff981070000 - 0x00007ff98107e000 	D:\SDET\eclipse-java-2025-12-R-win32-x86_64\eclipse\plugins\org.eclipse.justj.openjdk.hotspot.jre.full.win32.x86_64_21.0.9.v20251105-0741\jre\bin\sunmscapi.dll
0x00007ff990a80000 - 0x00007ff990bf7000 	C:\WINDOWS\System32\CRYPT32.dll
0x00007ff98f140000 - 0x00007ff98f170000 	C:\WINDOWS\SYSTEM32\ncrypt.dll
0x00007ff98f0f0000 - 0x00007ff98f12f000 	C:\WINDOWS\SYSTEM32\NTASN1.dll
0x00007ff956ed0000 - 0x00007ff956ed8000 	C:\WINDOWS\system32\wshunix.dll

JVMTI agents: none

dbghelp: loaded successfully - version: 4.0.5 - missing functions: none
symbol engine: initialized successfully - sym options: 0x614 - pdb path: .;D:\SDET\eclipse-java-2025-12-R-win32-x86_64\eclipse\plugins\org.eclipse.justj.openjdk.hotspot.jre.full.win32.x86_64_21.0.9.v20251105-0741\jre\bin;C:\WINDOWS\SYSTEM32;C:\WINDOWS\WinSxS\amd64_microsoft.windows.common-controls_6595b64144ccf1df_6.0.26100.8037_none_3e092faae333b53b;D:\SDET\eclipse-java-2025-12-R-win32-x86_64\eclipse\plugins\org.eclipse.justj.openjdk.hotspot.jre.full.win32.x86_64_21.0.9.v20251105-0741\jre\bin\server

VM Arguments:
jvm_args: -Dcom.sun.management.jmxremote -Dcom.sun.management.jmxremote.port=62921 -Dcom.sun.management.jmxremote.authenticate=false -Dcom.sun.management.jmxremote.ssl=false -Djava.rmi.server.hostname=localhost -Dspring.jmx.enabled=true -Dmanagement.endpoints.jmx.exposure.include=* -Dspring.application.admin.enabled=true -Dspring.output.ansi.enabled=always -XX:TieredStopAtLevel=1 -Dspring.boot.project.name=user-service -Dfile.encoding=UTF-8 -Dstdout.encoding=UTF-8 -Dstderr.encoding=UTF-8 -XX:+ShowCodeDetailsInExceptionMessages 
java_command: com.founderlink.userservice.UserserviceApplication
java_class_path (initial): D:\L1-SPRINT\user-service\target\classes;C:\Users\DELL\.m2\repository\org\springframework\boot\spring-boot-starter-actuator\3.5.12\spring-boot-starter-actuator-3.5.12.jar;C:\Users\DELL\.m2\repository\org\springframework\boot\spring-boot-starter\3.5.12\spring-boot-starter-3.5.12.jar;C:\Users\DELL\.m2\repository\org\springframework\boot\spring-boot\3.5.12\spring-boot-3.5.12.jar;C:\Users\DELL\.m2\repository\org\springframework\boot\spring-boot-autoconfigure\3.5.12\spring-boot-autoconfigure-3.5.12.jar;C:\Users\DELL\.m2\repository\org\springframework\boot\spring-boot-starter-logging\3.5.12\spring-boot-starter-logging-3.5.12.jar;C:\Users\DELL\.m2\repository\ch\qos\logback\logback-classic\1.5.32\logback-classic-1.5.32.jar;C:\Users\DELL\.m2\repository\ch\qos\logback\logback-core\1.5.32\logback-core-1.5.32.jar;C:\Users\DELL\.m2\repository\org\apache\logging\log4j\log4j-to-slf4j\2.24.3\log4j-to-slf4j-2.24.3.jar;C:\Users\DELL\.m2\repository\org\apache\logging\log4j\log4j-api\2.24.3\log4j-api-2.24.3.jar;C:\Users\DELL\.m2\repository\org\slf4j\jul-to-slf4j\2.0.17\jul-to-slf4j-2.0.17.jar;C:\Users\DELL\.m2\repository\jakarta\annotation\jakarta.annotation-api\2.1.1\jakarta.annotation-api-2.1.1.jar;C:\Users\DELL\.m2\repository\org\yaml\snakeyaml\2.4\snakeyaml-2.4.jar;C:\Users\DELL\.m2\repository\org\springframework\boot\spring-boot-actuator-autoconfigure\3.5.12\spring-boot-actuator-autoconfigure-3.5.12.jar;C:\Users\DELL\.m2\repository\org\springframework\boot\spring-boot-actuator\3.5.12\spring-boot-actuator-3.5.12.jar;C:\Users\DELL\.m2\repository\com\fasterxml\jackson\datatype\jackson-datatype-jsr310\2.19.4\jackson-datatype-jsr310-2.19.4.jar;C:\Users\DELL\.m2\repository\io\micrometer\micrometer-observation\1.15.10\micrometer-observation-1.15.10.jar;C:\Users\DELL\.m2\repository\io\micrometer\micrometer-commons\1.15.10\micrometer-commons-1.15.10.jar;C:\Users\DELL\.m2\repository\io\micrometer\micrometer-jakarta9\1.15.10\micrometer-jakarta9-1.15.10.jar;C:\Users\DELL\.m2\repository\io\micrometer\micrometer-core\1.15.10\micrometer-core-1.15.10.jar;C:\Users\DELL\.m2\repository\org\hdrhistogram\HdrHistogram\2.2.2\HdrHistogram-2.2.2.jar;C:\Users\DELL\.m2\repository\org\latencyutils\LatencyUtils\2.0.3\LatencyUtils-2.0.3.jar;C:\Users\DELL\.m2\repository\org\springframework\boot\spring-boot-starter-data-jpa\3.5.12\spring-boot-starter-data-jpa-3.5.12.jar;C:\Users\DELL\.m2\repository\org\springframework\boot\spring-boot-starter-jdbc\3.5.12\spring-boot-starter-jdbc-3.5.12.jar;C:\Users\DELL\.m2\repository\com\zaxxer\HikariCP\6.3.3\HikariCP-6.3.3.jar;C:\Users\DELL\.m2\repository\org\springframework\spring-jdbc\6.2.17\spring-jdbc-6.2.17.jar;C:\Users\DELL\.m2\repository\org\hibernate\orm\hibernate-core\6.6.44.Final\hibernate-core-6.6.44.Final.jar;C:\Users\DELL\.m2\repository\jakarta\persistence\jakarta.persistence-api\3.1.0\jakarta.persistence-api-3.1.0.jar;C:\Users\DELL\.m2\repository\jakarta\transaction\jakarta.transaction-api\2.0.1\jakarta.transaction-api-2.0.1.jar;C:\Users\DELL\.m2\repository\org\jboss\logging\jboss-logging\3.6.3.Final\jboss-logging-3.6.3.Final.jar;C:\Users\DELL\.m2\repository\org\hibernate\common\hibernate-commons-annotations\7.0.3.Final\hibernate-commons-annotations-7.0.3.Final.jar;C:\Users\DELL\.m2\repository\io\smallrye\jandex\3.2.0\jandex-3.2.0.jar;C:\Users\DELL\.m2\repository\com\fasterxml\classmate\1.7.3\classmate-1.7.3.jar;C:\Users\DELL\.m2\repository\net\bytebuddy\byte-buddy\1.17.8\byte-buddy-1.17.8.jar;C:\Users\DELL\.m2\repository\org\glassfish\jaxb\jaxb-runtime\4.0.6\jaxb-runtime-4.0.6.jar;C:\Users\DELL\.m2\repository\org\glassfish\jaxb\jaxb-core\4.0.6\jaxb-core-4.0.6.jar;C:\Users\DELL\.m2\repository\org\eclipse\angus\angus-activation\2.0.3\angus-activation-2.0.3.jar;C:\Users\DELL\.m2\repository\org\glassfish\jaxb\txw2\4.0.6\txw2-4.0.6.jar;C:\Users\DELL\.m2\repository\com\sun\istack\istack-commons-runtime\4.1.2\istack-commons-runtime-4.1.2.jar;C:\Users\DELL\.m2\repository\jakarta\inject\jakarta.inject-api\2.0.1\jakarta.inject-api-2.0.1.jar;C:\Users\DELL\.m2\repository\org\antlr\antlr4-runtime\4.13.0\antlr4-runtime-4.13.0.jar;C:\Users\DELL\.m2\repository\org\springframework\data\spring-data-jpa\3.5.10\spring-data-jpa-3.5.10.jar;C:\Users\DELL\.m2\repository\org\springframework\data\spring-data-commons\3.5.10\spring-data-commons-3.5.10.jar;C:\Users\DELL\.m2\repository\org\springframework\spring-orm\6.2.17\spring-orm-6.2.17.jar;C:\Users\DELL\.m2\repository\org\springframework\spring-context\6.2.17\spring-context-6.2.17.jar;C:\Users\DELL\.m2\repository\org\springframework\spring-aop\6.2.17\spring-aop-6.2.17.jar;C:\Users\DELL\.m2\repository\org\springframework\spring-tx\6.2.17\spring-tx-6.2.17.jar;C:\Users\DELL\.m2\repository\org\springframework\spring-beans\6.2.17\spring-beans-6.2.17.jar;C:\Users\DELL\.m2\repository\org\springframework\spring-aspects\6.2.17\spring-aspects-6.2.17.jar;C:\Users\DELL\.m2\repository\org\aspectj\aspectjweaver\1.9.25.1\aspectjweaver-1.9.25.1.jar;C:\Users\DELL\.m2\repository\org\springframework\boot\spring-boot-starter-web\3.5.12\spring-boot-starter-web-3.5.12.jar;C:\Users\DELL\.m2\repository\org\springframework\boot\spring-boot-starter-json\3.5.12\spring-boot-starter-json-3.5.12.jar;C:\Users\DELL\.m2\repository\com\fasterxml\jackson\datatype\jackson-datatype-jdk8\2.19.4\jackson-datatype-jdk8-2.19.4.jar;C:\Users\DELL\.m2\repository\com\fasterxml\jackson\module\jackson-module-parameter-names\2.19.4\jackson-module-parameter-names-2.19.4.jar;C:\Users\DELL\.m2\repository\org\springframework\boot\spring-boot-starter-tomcat\3.5.12\spring-boot-starter-tomcat-3.5.12.jar;C:\Users\DELL\.m2\repository\org\apache\tomcat\embed\tomcat-embed-core\10.1.52\tomcat-embed-core-10.1.52.jar;C:\Users\DELL\.m2\repository\org\apache\tomcat\embed\tomcat-embed-el\10.1.52\tomcat-embed-el-10.1.52.jar;C:\Users\DELL\.m2\repository\org\apache\tomcat\embed\tomcat-embed-websocket\10.1.52\tomcat-embed-websocket-10.1.52.jar;C:\Users\DELL\.m2\repository\org\springframework\spring-web\6.2.17\spring-web-6.2.17.jar;C:\Users\DELL\.m2\repository\org\springframework\spring-webmvc\6.2.17\spring-webmvc-6.2.17.jar;C:\Users\DELL\.m2\repository\org\springframework\spring-expression\6.2.17\spring-expression-6.2.17.jar;C:\Users\DELL\.m2\repository\io\micrometer\micrometer-tracing-bridge-brave\1.5.10\micrometer-tracing-bridge-brave-1.5.10.jar;C:\Users\DELL\.m2\repository\io\micrometer\micrometer-tracing\1.5.10\micrometer-tracing-1.5.10.jar;C:\Users\DELL\.m2\repository\io\micrometer\context-propagation\1.1.4\context-propagation-1.1.4.jar;C:\Users\DELL\.m2\repository\aopalliance\aopalliance\1.0\aopalliance-1.0.jar;C:\Users\DELL\.m2\repository\org\slf4j\slf4j-api\2.0.17\slf4j-api-2.0.17.jar;C:\Users\DELL\.m2\repository\io\zipkin\brave\brave\6.1.0\brave-6.1.0.jar;C:\Users\DELL\.m2\repository\io\zipkin\brave\brave-context-slf4j\6.1.0\brave-context-slf4j-6.1.0.jar;C:\Users\DELL\.m2\repository\io\zipkin\brave\brave-instrumentation-http\6.1.0\brave-instrumentation-http-6.1.0.jar;C:\Users\DELL\.m2\repository\io\zipkin\aws\brave-propagation-aws\1.3.0\brave-propagation-aws-1.3.0.jar;C:\Users\DELL\.m2\repository\io\zipkin\contrib\brave-propagation-w3c\brave-propagation-tracecontext\0.2.0\brave-propagation-tracecontext-0.2.0.jar;C:\Users\DELL\.m2\repository\io\zipkin\reporter2\zipkin-reporter-brave\3.5.1\zipkin-reporter-brave-3.5.1.jar;C:\Users\DELL\.m2\repository\io\zipkin\reporter2\zipkin-reporter\3.5.1\zipkin-reporter-3.5.1.jar;C:\Users\DELL\.m2\repository\org\springdoc\springdoc-openapi-starter-webmvc-ui\2.8.16\springdoc-openapi-starter-webmvc-ui-2.8.16.jar;C:\Users\DELL\.m2\repository\org\springdoc\springdoc-openapi-starter-webmvc-api\2.8.16\springdoc-openapi-starter-webmvc-api-2.8.16.jar;C:\Users\DELL\.m2\repository\org\springdoc\springdoc-openapi-starter-common\2.8.16\springdoc-openapi-starter-common-2.8.16.jar;C:\Users\DELL\.m2\repository\org\springframework\boot\spring-boot-starter-validation\3.5.12\spring-boot-starter-validation-3.5.12.jar;C:\Users\DELL\.m2\repository\org\hibernate\validator\hibernate-validator\8.0.3.Final\hibernate-validator-8.0.3.Final.jar;C:\Users\DELL\.m2\repository\io\swagger\core\v3\swagger-core-jakarta\2.2.43\swagger-core-jakarta-2.2.43.jar;C:\Users\DELL\.m2\repository\org\apache\commons\commons-lang3\3.17.0\commons-lang3-3.17.0.jar;C:\Users\DELL\.m2\repository\io\swagger\core\v3\swagger-annotations-jakarta\2.2.43\swagger-annotations-jakarta-2.2.43.jar;C:\Users\DELL\.m2\repository\io\swagger\core\v3\swagger-models-jakarta\2.2.43\swagger-models-jakarta-2.2.43.jar;C:\Users\DELL\.m2\repository\jakarta\validation\jakarta.validation-api\3.0.2\jakarta.validation-api-3.0.2.jar;C:\Users\DELL\.m2\repository\com\fasterxml\jackson\dataformat\jackson-dataformat-yaml\2.19.4\jackson-dataformat-yaml-2.19.4.jar;C:\Users\DELL\.m2\repository\org\webjars\swagger-ui\5.32.0\swagger-ui-5.32.0.jar;C:\Users\DELL\.m2\repository\org\webjars\webjars-locator-lite\1.1.3\webjars-locator-lite-1.1.3.jar;C:\Users\DELL\.m2\repository\org\jspecify\jspecify\1.0.0\jspecify-1.0.0.jar;C:\Users\DELL\.m2\repository\org\springframework\cloud\spring-cloud-starter-config\4.3.1\spring-cloud-starter-config-4.3.1.jar;C:\Users\DELL\.m2\repository\org\springframework\cloud\spring-cloud-starter\4.3.1\spring-cloud-starter-4.3.1.jar;C:\Users\DELL\.m2\repository\org\springframework\cloud\spring-cloud-context\4.3.1\spring-cloud-context-4.3.1.jar;C:\Users\DELL\.m2\repository\org\springframework\security\spring-security-crypto\6.5.9\spring-security-crypto-6.5.9.jar;C:\Users\DELL\.m2\repository\org\springframework\cloud\spring-cloud-commons\4.3.1\spring-cloud-commons-4.3.1.jar;C:\Users\DELL\.m2\repository\org\bouncycastle\bcprov-jdk18on\1.80\bcprov-jdk18on-1.80.jar;C:\Users\DELL\.m2\repository\org\springframework\cloud\spring-cloud-config-client\4.3.1\spring-cloud-config-client-4.3.1.jar;C:\Users\DELL\.m2\repository\com\fasterxml\jackson\core\jackson-annotations\2.19.4\jackson-annotations-2.19.4.jar;C:\Users\DELL\.m2\repository\org\apache\httpcomponents\client5\httpclient5\5.5.2\httpclient5-5.5.2.jar;C:\Users\DELL\.m2\repository\org\apache\httpcomponents\core5\httpcore5\5.3.6\httpcore5-5.3.6.jar;C:\Users\DELL\.m2\repository\org\apache\httpcomponents\core5\httpcore5-h2\5.3.6\httpcore5-h2-5.3.6.jar;C:\Users\DELL\.m2\repository\com\fasterxml\jackson\core\jackson-databind\2.19.4\jackson-databind-2.19.4.jar;C:\Users\DELL\.m2\repository\com\fasterxml\jackson\core\jackson-core\2.19.4\jackson-core-2.19.4.jar;C:\Users\DELL\.m2\repository\org\springframework\cloud\spring-cloud-starter-netflix-eureka-client\4.3.1\spring-cloud-starter-netflix-eureka-client-4.3.1.jar;C:\Users\DELL\.m2\repository\org\springframework\cloud\spring-cloud-netflix-eureka-client\4.3.1\spring-cloud-netflix-eureka-client-4.3.1.jar;C:\Users\DELL\.m2\repository\com\netflix\eureka\eureka-client\2.0.5\eureka-client-2.0.5.jar;C:\Users\DELL\.m2\repository\com\thoughtworks\xstream\xstream\1.4.21\xstream-1.4.21.jar;C:\Users\DELL\.m2\repository\io\github\x-stream\mxparser\1.2.2\mxparser-1.2.2.jar;C:\Users\DELL\.m2\repository\xmlpull\xmlpull\1.1.3.1\xmlpull-1.1.3.1.jar;C:\Users\DELL\.m2\repository\jakarta\ws\rs\jakarta.ws.rs-api\3.1.0\jakarta.ws.rs-api-3.1.0.jar;C:\Users\DELL\.m2\repository\com\netflix\spectator\spectator-api\1.7.3\spectator-api-1.7.3.jar;C:\Users\DELL\.m2\repository\org\apache\httpcomponents\httpclient\4.5.3\httpclient-4.5.3.jar;C:\Users\DELL\.m2\repository\org\apache\httpcomponents\httpcore\4.4.16\httpcore-4.4.16.jar;C:\Users\DELL\.m2\repository\commons-codec\commons-codec\1.18.0\commons-codec-1.18.0.jar;C:\Users\DELL\.m2\repository\commons-configuration\commons-configuration\1.10\commons-configuration-1.10.jar;C:\Users\DELL\.m2\repository\commons-lang\commons-lang\2.6\commons-lang-2.6.jar;C:\Users\DELL\.m2\repository\com\netflix\netflix-commons\netflix-eventbus\0.3.0\netflix-eventbus-0.3.0.jar;C:\Users\DELL\.m2\repository\com\netflix\netflix-commons\netflix-infix\0.3.0\netflix-infix-0.3.0.jar;C:\Users\DELL\.m2\repository\commons-jxpath\commons-jxpath\1.3\commons-jxpath-1.3.jar;C:\Users\DELL\.m2\repository\joda-time\joda-time\2.3\joda-time-2.3.jar;C:\Users\DELL\.m2\repository\org\antlr\antlr-runtime\3.4\antlr-runtime-3.4.jar;C:\Users\DELL\.m2\repository\org\antlr\stringtemplate\3.2.1\stringtemplate-3.2.1.jar;C:\Users\DELL\.m2\repository\antlr\antlr\2.7.7\antlr-2.7.7.jar;C:\Users\DELL\.m2\repository\com\google\code\gson\gson\2.13.2\gson-2.13.2.jar;C:\Users\DELL\.m2\repository\com\google\errorprone\error_prone_annotations\2.41.0\error_prone_annotations-2.41.0.jar;C:\Users\DELL\.m2\repository\com\netflix\servo\servo-core\0.5.3\servo-core-0.5.3.jar;C:\Users\DELL\.m2\repository\org\apache\commons\commons-math\2.2\commons-math-2.2.jar;C:\Users\DELL\.m2\repository\javax\annotation\javax.annotation-api\1.2\javax.annotation-api-1.2.jar;C:\Users\DELL\.m2\repository\org\codehaus\jettison\jettison\1.5.4\jettison-1.5.4.jar;C:\Users\DELL\.m2\repository\org\springframework\cloud\spring-cloud-starter-loadbalancer\4.3.1\spring-cloud-starter-loadbalancer-4.3.1.jar;C:\Users\DELL\.m2\repository\org\springframework\cloud\spring-cloud-loadbalancer\4.3.1\spring-cloud-loadbalancer-4.3.1.jar;C:\Users\DELL\.m2\repository\io\projectreactor\reactor-core\3.7.17\reactor-core-3.7.17.jar;C:\Users\DELL\.m2\repository\org\reactivestreams\reactive-streams\1.0.4\reactive-streams-1.0.4.jar;C:\Users\DELL\.m2\repository\io\projectreactor\addons\reactor-extra\3.5.4\reactor-extra-3.5.4.jar;C:\Users\DELL\.m2\repository\org\springframework\boot\spring-boot-starter-cache\3.5.12\spring-boot-starter-cache-3.5.12.jar;C:\Users\DELL\.m2\repository\org\springframework\spring-context-support\6.2.17\spring-context-support-6.2.17.jar;C:\Users\DELL\.m2\repository\com\stoyanr\evictor\1.0.0\evictor-1.0.0.jar;C:\Users\DELL\.m2\repository\com\mysql\mysql-connector-j\9.6.0\mysql-connector-j-9.6.0.jar;C:\Users\DELL\.m2\repository\org\projectlombok\lombok\1.18.44\lombok-1.18.44.jar;C:\Users\DELL\.m2\repository\jakarta\xml\bind\jakarta.xml.bind-api\4.0.4\jakarta.xml.bind-api-4.0.4.jar;C:\Users\DELL\.m2\repository\jakarta\activation\jakarta.activation-api\2.1.4\jakarta.activation-api-2.1.4.jar;C:\Users\DELL\.m2\repository\org\springframework\spring-core\6.2.17\spring-core-6.2.17.jar;C:\Users\DELL\.m2\repository\org\springframework\spring-jcl\6.2.17\spring-jcl-6.2.17.jar
Launcher Type: SUN_STANDARD

[Global flags]
     intx CICompilerCount                          = 4                                         {product} {ergonomic}
     uint ConcGCThreads                            = 2                                         {product} {ergonomic}
     uint G1ConcRefinementThreads                  = 8                                         {product} {ergonomic}
   size_t G1HeapRegionSize                         = 1048576                                   {product} {ergonomic}
    uintx GCDrainStackTargetSize                   = 64                                        {product} {ergonomic}
   size_t InitialHeapSize                          = 130023424                                 {product} {ergonomic}
     bool ManagementServer                         = true                                      {product} {command line}
   size_t MarkStackSize                            = 4194304                                   {product} {ergonomic}
   size_t MaxHeapSize                              = 2078277632                                {product} {ergonomic}
   size_t MaxNewSize                               = 1246756864                                {product} {ergonomic}
   size_t MinHeapDeltaBytes                        = 1048576                                   {product} {ergonomic}
   size_t MinHeapSize                              = 8388608                                   {product} {ergonomic}
    uintx NonNMethodCodeHeapSize                   = 4096                                   {pd product} {ergonomic}
    uintx NonProfiledCodeHeapSize                  = 0                                      {pd product} {ergonomic}
     bool ProfileInterpreter                       = false                                  {pd product} {command line}
    uintx ProfiledCodeHeapSize                     = 0                                      {pd product} {ergonomic}
     bool ShowCodeDetailsInExceptionMessages       = true                                   {manageable} {command line}
   size_t SoftMaxHeapSize                          = 2078277632                             {manageable} {ergonomic}
     intx TieredStopAtLevel                        = 1                                         {product} {command line}
     bool UseCompressedOops                        = true                           {product lp64_product} {ergonomic}
     bool UseG1GC                                  = true                                      {product} {ergonomic}
     bool UseLargePagesIndividualAllocation        = false                                  {pd product} {ergonomic}

Logging:
Log output configuration:
 #0: stdout all=warning uptime,level,tags foldmultilines=false
 #1: stderr all=off uptime,level,tags foldmultilines=false

Release file:
JAVA_VERSION="21.0.9" 
MODULES="java.base java.compiler java.datatransfer java.xml java.prefs java.desktop java.instrument java.logging java.management java.security.sasl java.naming java.rmi java.management.rmi java.net.http java.scripting java.security.jgss java.transaction.xa java.sql java.sql.rowset java.xml.crypto java.se java.smartcardio jdk.accessibility jdk.internal.jvmstat jdk.attach jdk.charsets jdk.internal.opt jdk.zipfs jdk.compiler jdk.crypto.ec jdk.crypto.cryptoki jdk.crypto.mscapi jdk.dynalink jdk.internal.ed jdk.editpad jdk.hotspot.agent jdk.httpserver jdk.internal.le jdk.internal.vm.ci jdk.internal.vm.compiler jdk.internal.vm.compiler.management jdk.jartool jdk.javadoc jdk.jcmd jdk.management jdk.management.agent jdk.jconsole jdk.jdeps jdk.jdwp.agent jdk.jdi jdk.jfr jdk.jshell jdk.jsobject jdk.jstatd jdk.localedata jdk.management.jfr jdk.naming.dns jdk.naming.rmi jdk.net jdk.nio.mapmode jdk.random jdk.sctp jdk.security.auth jdk.security.jgss jdk.unsupported jdk.unsupported.desktop jdk.xml.dom" 

Environment Variables:
JAVA_HOME=C:\Java\jdk-1.8
PATH=D:/SDET/eclipse-java-2025-12-R-win32-x86_64/eclipse//plugins/org.eclipse.justj.openjdk.hotspot.jre.full.win32.x86_64_21.0.9.v20251105-0741/jre/bin/server;D:/SDET/eclipse-java-2025-12-R-win32-x86_64/eclipse//plugins/org.eclipse.justj.openjdk.hotspot.jre.full.win32.x86_64_21.0.9.v20251105-0741/jre/bin;D:\app\DELL\product\11.1.0\db_2\bin;C:\app\DELL\product\21c\dbhomeXE\bin;C:\WINDOWS\system32;C:\WINDOWS;C:\WINDOWS\System32\Wbem;C:\WINDOWS\System32\WindowsPowerShell\v1.0\;C:\WINDOWS\System32\OpenSSH\;C:\Program Files\dotnet\;C:\Java\jdk-1.8\bin;C:\spark\bin;C:\kafka\bin;C:\Program Files\nodejs\;C:\Program Files\Git\cmd;;C:\Program Files\Docker\Docker\resources\bin;C:\Program Files\MySQL\MySQL Shell 8.0\bin\;C:\Users\DELL\AppData\Local\Programs\Python\Python313\Scripts\;C:\Users\DELL\AppData\Local\Programs\Python\Python313\;C:\Users\DELL\AppData\Local\Microsoft\WindowsApps;C:\Users\DELL\AppData\Local\Programs\Microsoft VS Code\bin;C:\Users\DELL\AppData\Local\PowerToys\;C:\Users\DELL\AppData\Roaming\npm;;D:\SDET\eclipse-java-2025-12-R-win32-x86_64\eclipse;
USERNAME=DELL
OS=Windows_NT
PROCESSOR_IDENTIFIER=Intel64 Family 6 Model 140 Stepping 1, GenuineIntel
TMP=C:\Users\DELL\AppData\Local\Temp
TEMP=C:\Users\DELL\AppData\Local\Temp




Periodic native trim disabled

---------------  S Y S T E M  ---------------

OS:
 Windows 11 , 64 bit Build 26100 (10.0.26100.7920)
OS uptime: 3 days 1:44 hours
Hyper-V role detected

CPU: total 8 (initial active 8) (4 cores per cpu, 2 threads per core) family 6 model 140 stepping 1 microcode 0xbe, cx8, cmov, fxsr, ht, mmx, 3dnowpref, sse, sse2, sse3, ssse3, sse4.1, sse4.2, popcnt, lzcnt, tsc, tscinvbit, avx, avx2, aes, erms, clmul, bmi1, bmi2, adx, avx512f, avx512dq, avx512cd, avx512bw, avx512vl, sha, fma, vzeroupper, avx512_vpopcntdq, avx512_vpclmulqdq, avx512_vaes, avx512_vnni, clflush, clflushopt, clwb, avx512_vbmi2, avx512_vbmi, hv, rdtscp, rdpid, fsrm, gfni, avx512_bitalg, f16c, cet_ibt, cet_ss, avx512_ifma
Processor Information for the first 8 processors :
  Max Mhz: 2419, Current Mhz: 2419, Mhz Limit: 2419

Memory: 4k page, system-wide physical 7926M (775M free)
TotalPageFile size 23033M (AvailPageFile size 1M)
current process WorkingSet (physical memory assigned to process): 253M, peak: 253M
current process commit charge ("private bytes"): 283M, peak: 283M

vm_info: OpenJDK 64-Bit Server VM (21.0.9+10-LTS) for windows-amd64 JRE (21.0.9+10-LTS), built on 2025-10-21T00:00:00Z by "admin" with unknown MS VC++:1942

END.
